序号,提交答卷时间,所用时间,来源,来源详情,来自IP,性别,年龄段,学历阶段,4、日均数字媒体接触时长,5、主要使用场景,6、当我浏览社交媒体时，我常常将自己生活状态与他人进行比较,7、我认为自己在网络空间中的形象:,8、你是否会在遇到情绪低落时使用数字媒体（如刷视频、聊天、玩游戏等）？,9、数字媒体使用对你情绪状态的影响—使用后感到焦虑减轻,9、浏览内容后感到烦躁,9、线上互动中产生归属感,9、产生时间管理失控感,9、深夜使用时感到孤独感加剧,10、请分享一个你使用手机/网络时发生的，让你对自己有新的认识的真实经历,年龄_映射值,性别_编码,学历_映射值,9、数字媒体使用对你情绪状态的影响—使用后感到焦虑减轻_映射值,9、浏览内容后感到烦躁_映射值,9、线上互动中产生归属感_映射值,9、深夜使用时感到孤独感加剧_映射值
1,2025/4/21 12:43:37,68秒,微信,,123.234.46.51(山东-青岛),男,16~18,高中阶段,241-360分钟（4-6小时）,即时通讯（微信/QQ等）→短视频平台（抖音/快手等）→社交媒体（微博/小红书等）→网络游戏→影视娱乐（B站/腾讯视频等）,总是,稍微修饰过的真实自己,总是,完全不符,一般,比较符合,非常符合,非常符合,冲动消费,0.75,0,0.75,0.0,0.5,0.75,1.0
2,2025/4/21 12:52:47,87秒,微信,,98.116.59.133(国外-美国),女,22岁及以上,高等教育阶段（大学-博士后）,121-240分钟（3-4小时）,即时通讯（微信/QQ等）→短视频平台（抖音/快手等）→社交媒体（微博/小红书等）→网络游戏,总是,稍微修饰过的真实自己,总是,一般,一般,比较符合,一般,比较符合,看到大家那么自律 会有一些动力,0.2,1,0.3,0.5,0.5,0.75,0.75
3,2025/4/21 13:00:40,276秒,微信,,172.85.116.93(国外-美国),女,22岁及以上,高等教育阶段（大学-博士后）,121-240分钟（3-4小时）,即时通讯（微信/QQ等）→社交媒体（微博/小红书等）→影视娱乐（B站/腾讯视频等）,有时,只展示某些方面的自己,经常,比较符合,一般,非常符合,比较符合,比较符合,开始使用社交媒体创作、发布视频之后，发现自己对他人的评价的在意程度比自己想象中要高。哪怕知道那些评价没有什么实际意义。,0.2,1,0.3,0.75,0.5,1.0,0.75
4,2025/4/21 13:10:14,48秒,微信,,49.65.154.190(江苏-南京),女,22岁及以上,已工作,241-360分钟（4-6小时）,即时通讯（微信/QQ等）→短视频平台（抖音/快手等）→社交媒体（微博/小红书等）→网络游戏→影视娱乐（B站/腾讯视频等）,有时,不同平台会用不同形象,总是,一般,一般,非常符合,非常符合,完全不符,(空),0.2,1,0.2,0.5,0.5,1.0,0.0
5,2025/4/21 13:21:50,103秒,微信,,68.42.143.162(国外-美国),女,22岁及以上,高等教育阶段（大学-博士后）,121-240分钟（3-4小时）,社交媒体（微博/小红书等）→即时通讯（微信/QQ等）→网络游戏→影视娱乐（B站/腾讯视频等）,有时,稍微修饰过的真实自己,经常,比较符合,一般,不太符合,非常符合,一般,(空),0.2,1,0.3,0.75,0.5,0.25,0.5
6,2025/4/21 13:28:46,109秒,微信,,73.161.253.14(国外-美国),女,19~21,高等教育阶段（大学-博士后）,≥361分钟（6小时以上）,短视频平台（抖音/快手等）→即时通讯（微信/QQ等）→网络游戏→影视娱乐（B站/腾讯视频等）→社交媒体（微博/小红书等）→知识获取（作业帮/猿辅导等）,有时,只展示某些方面的自己,总是,不太符合,比较符合,一般,非常符合,非常符合,(空),0.4,1,0.3,0.25,0.75,0.5,1.0
7,2025/4/21 13:36:06,73秒,微信,,68.174.37.73(国外-美国),女,22岁及以上,高等教育阶段（大学-博士后）,121-240分钟（3-4小时）,即时通讯（微信/QQ等）→影视娱乐（B站/腾讯视频等）→社交媒体（微博/小红书等）→短视频平台（抖音/快手等）,很少,不同平台会用不同形象,有时,一般,一般,不太符合,不太符合,完全不符,(空),0.2,1,0.3,0.5,0.5,0.25,0.0
8,2025/4/21 13:39:27,19秒,手机提交,直接访问,120.225.160.9(山东-菏泽),男,19~21,高中阶段,61-120分钟（1-2小时）,即时通讯（微信/QQ等）→社交媒体（微博/小红书等）,有时,完全不同于现实中的我,经常,完全不符,不太符合,一般,比较符合,不太符合,加油,0.4,0,0.75,0.0,0.25,0.5,0.25
9,2025/4/21 13:57:08,205秒,微信,,112.224.173.178(山东-烟台),女,16~18,高等教育阶段（大学-博士后）,61-120分钟（1-2小时）,即时通讯（微信/QQ等）→短视频平台（抖音/快手等）→社交媒体（微博/小红书等）→知识获取（作业帮/猿辅导等）→网络游戏→影视娱乐（B站/腾讯视频等）,有时,稍微修饰过的真实自己,有时,比较符合,不太符合,不太符合,比较符合,不太符合,在大学生活中原以为很小众的事情，到网络上发现许多大学生都有这样的感受。,0.75,1,0.3,0.75,0.25,0.25,0.25
10,2025/4/21 14:03:25,59秒,微信,,123.118.101.233(北京-北京),女,22岁及以上,已工作,241-360分钟（4-6小时）,即时通讯（微信/QQ等）→短视频平台（抖音/快手等）→社交媒体（微博/小红书等）→网络游戏→影视娱乐（B站/腾讯视频等）,有时,不同平台会用不同形象,总是,比较符合,不太符合,比较符合,比较符合,比较符合,(空),0.2,1,0.2,0.75,0.25,0.75,0.75
11,2025/4/21 17:51:20,97秒,微信,,182.33.216.203(山东-潍坊),男,22岁及以上,已工作,121-240分钟（3-4小时）,即时通讯（微信/QQ等）→短视频平台（抖音/快手等）→网络游戏,从不,只展示某些方面的自己,有时,不太符合,比较符合,完全不符,一般,不太符合,(空),0.2,0,0.2,0.25,0.75,0.0,0.25
12,2025/4/21 18:20:01,63秒,微信,,223.104.194.139(山东-青岛),女,16~18,高中阶段,61-120分钟（1-2小时）,即时通讯（微信/QQ等）→短视频平台（抖音/快手等）→社交媒体（微博/小红书等）→影视娱乐（B站/腾讯视频等）→知识获取（作业帮/猿辅导等）→网络游戏,有时,稍微修饰过的真实自己,很少,一般,比较符合,一般,比较符合,比较符合,(空),0.75,1,0.75,0.5,0.75,0.5,0.75
13,2025/4/21 21:33:34,207秒,微信,,112.36.224.187(山东-济南),男,22岁及以上,已工作,121-240分钟（3-4小时）,即时通讯（微信/QQ等）→短视频平台（抖音/快手等）→社交媒体（微博/小红书等）→知识获取（作业帮/猿辅导等）→影视娱乐（B站/腾讯视频等）→网络游戏,很少,只展示某些方面的自己,经常,比较符合,不太符合,比较符合,比较符合,不太符合,看别人的经历对自己会有新的启发,0.2,0,0.2,0.75,0.25,0.75,0.25
14,2025/4/21 23:39:51,331秒,微信,,172.56.32.253(国外-美国),女,22岁及以上,高等教育阶段（大学-博士后）,241-360分钟（4-6小时）,社交媒体（微博/小红书等）→即时通讯（微信/QQ等）→影视娱乐（B站/腾讯视频等）→网络游戏→短视频平台（抖音/快手等）→知识获取（作业帮/猿辅导等）,有时,稍微修饰过的真实自己,经常,一般,比较符合,不太符合,比较符合,完全不符,跟朋友说羡慕明星的个性，朋友说羡慕我的个性,0.2,1,0.3,0.5,0.75,0.25,0.0
15,2025/4/22 14:27:39,177秒,微信,,223.104.54.189(福建-福州),女,19~21,高中阶段,≥361分钟（6小时以上）,影视娱乐（B站/腾讯视频等）→社交媒体（微博/小红书等）→即时通讯（微信/QQ等）→知识获取（作业帮/猿辅导等）→短视频平台（抖音/快手等）→网络游戏,有时,稍微修饰过的真实自己,经常,一般,一般,一般,一般,一般,(空),0.4,1,0.75,0.5,0.5,0.5,0.5
16,2025/4/22 18:47:37,69秒,微信,,223.104.54.174(福建-福州),女,16~18,高中阶段,241-360分钟（4-6小时）,即时通讯（微信/QQ等）→影视娱乐（B站/腾讯视频等）→短视频平台（抖音/快手等）→社交媒体（微博/小红书等）→知识获取（作业帮/猿辅导等）→网络游戏,有时,稍微修饰过的真实自己,经常,一般,一般,一般,一般,一般,(空),0.75,1,0.75,0.5,0.5,0.5,0.5
17,2025/4/22 18:49:01,67秒,微信,,223.104.54.15(福建-福州),女,16~18,高中阶段,≥361分钟（6小时以上）,短视频平台（抖音/快手等）→即时通讯（微信/QQ等）→社交媒体（微博/小红书等）→影视娱乐（B站/腾讯视频等）→网络游戏→知识获取（作业帮/猿辅导等）,有时,只展示某些方面的自己,有时,一般,一般,一般,一般,一般,(空),0.75,1,0.75,0.5,0.5,0.5,0.5
18,2025/4/22 22:06:01,109秒,微信,,223.104.53.65(福建-泉州),男,16~18,高中阶段,≤60分钟（1小时以内）,网络游戏→影视娱乐（B站/腾讯视频等）→知识获取（作业帮/猿辅导等）→即时通讯（微信/QQ等）→短视频平台（抖音/快手等）→社交媒体（微博/小红书等）,有时,只展示某些方面的自己,经常,比较符合,一般,比较符合,非常符合,不太符合,有突然发现新的网站，发现了新大陆了解到了了解不到的东西,0.75,0,0.75,0.75,0.5,0.75,0.25
19,2025/4/22 22:35:53,60秒,手机提交,直接访问,14.26.226.94(广东-珠海),男,19~21,高等教育阶段（大学-博士后）,≥361分钟（6小时以上）,即时通讯（微信/QQ等）→影视娱乐（B站/腾讯视频等）→社交媒体（微博/小红书等）→网络游戏,很少,只展示某些方面的自己,有时,一般,不太符合,比较符合,完全不符,完全不符,(空),0.4,0,0.3,0.5,0.25,0.75,0.0
20,2025/4/22 22:44:36,45秒,手机提交,直接访问,112.111.55.252(福建-福州),女,19~21,高等教育阶段（大学-博士后）,61-120分钟（1-2小时）,即时通讯（微信/QQ等）→社交媒体（微博/小红书等）→影视娱乐（B站/腾讯视频等）→知识获取（作业帮/猿辅导等）,有时,只展示某些方面的自己,经常,不太符合,一般,比较符合,比较符合,比较符合,(空),0.4,1,0.3,0.25,0.5,0.75,0.75
21,2025/4/22 23:10:05,53秒,手机提交,直接访问,180.233.90.77(福建-厦门),女,16~18,高中阶段,121-240分钟（3-4小时）,即时通讯（微信/QQ等）→短视频平台（抖音/快手等）→社交媒体（微博/小红书等）→知识获取（作业帮/猿辅导等）→影视娱乐（B站/腾讯视频等）,总是,只展示某些方面的自己,经常,不太符合,比较符合,一般,非常符合,非常符合,(空),0.75,1,0.75,0.25,0.75,0.5,1.0
22,2025/4/22 23:51:43,64秒,手机提交,直接访问,175.42.38.176(福建-福州),男,16~18,高中阶段,≥361分钟（6小时以上）,知识获取（作业帮/猿辅导等）→影视娱乐（B站/腾讯视频等）→即时通讯（微信/QQ等）,有时,不同平台会用不同形象,有时,一般,一般,一般,非常符合,完全不符,(空),0.75,0,0.75,0.5,0.5,0.5,0.0
23,2025/4/23 0:08:02,135秒,手机提交,直接访问,117.136.54.34(天津-天津),女,19~21,高等教育阶段（大学-博士后）,≥361分钟（6小时以上）,即时通讯（微信/QQ等）→网络游戏→社交媒体（微博/小红书等）→短视频平台（抖音/快手等）→知识获取（作业帮/猿辅导等）→影视娱乐（B站/腾讯视频等）,很少,不同平台会用不同形象,经常,比较符合,一般,一般,比较符合,比较符合,(空),0.4,1,0.3,0.75,0.5,0.5,0.75
24,2025/4/23 0:20:02,67秒,手机提交,直接访问,120.36.13.91(福建-福州),男,16~18,高中阶段,61-120分钟（1-2小时）,知识获取（作业帮/猿辅导等）→即时通讯（微信/QQ等）,经常,只展示某些方面的自己,经常,不太符合,比较符合,比较符合,非常符合,比较符合,(空),0.75,0,0.75,0.25,0.75,0.75,0.75
25,2025/4/23 0:26:18,25秒,微信,,27.128.61.96(河北-石家庄),男,16~18,高中阶段,≤60分钟（1小时以内）,即时通讯（微信/QQ等）,经常,稍微修饰过的真实自己,总是,不太符合,不太符合,比较符合,不太符合,一般,(空),0.75,0,0.75,0.25,0.25,0.75,0.5
26,2025/4/23 0:42:52,23秒,微信,,27.148.33.126(福建-福州),男,16~18,高等教育阶段（大学-博士后）,≥361分钟（6小时以上）,即时通讯（微信/QQ等）→短视频平台（抖音/快手等）→社交媒体（微博/小红书等）→知识获取（作业帮/猿辅导等）→影视娱乐（B站/腾讯视频等）→网络游戏,从不,只展示某些方面的自己,经常,一般,一般,一般,一般,一般,(空),0.75,0,0.3,0.5,0.5,0.5,0.5
27,2025/4/23 6:01:52,29秒,微信,,61.241.198.28(福建-福州),男,16~18,高中阶段,≤60分钟（1小时以内）,即时通讯（微信/QQ等）,很少,和现实中的我完全相同,总是,一般,比较符合,比较符合,比较符合,比较符合,(空),0.75,0,0.75,0.5,0.75,0.75,0.75
28,2025/4/23 7:40:43,128秒,微信,,112.47.208.21(福建-泉州),女,16~18,高中阶段,61-120分钟（1-2小时）,知识获取（作业帮/猿辅导等）→即时通讯（微信/QQ等）→社交媒体（微博/小红书等）→影视娱乐（B站/腾讯视频等）→短视频平台（抖音/快手等）→网络游戏,从不,和现实中的我完全相同,从不,一般,一般,不太符合,比较符合,一般,(空),0.75,1,0.75,0.5,0.5,0.25,0.5
29,2025/4/23 7:50:42,118秒,微信,,39.144.251.246(福建-厦门),女,16~18,高中阶段,61-120分钟（1-2小时）,即时通讯（微信/QQ等）→社交媒体（微博/小红书等）,很少,不同平台会用不同形象,很少,一般,一般,一般,比较符合,一般,Mbti人格测试，让我能够更加了解自己,0.75,1,0.75,0.5,0.5,0.5,0.5
30,2025/4/23 12:46:55,158秒,微信,,39.144.39.59(上海-上海),女,19~21,高等教育阶段（大学-博士后）,≥361分钟（6小时以上）,影视娱乐（B站/腾讯视频等）→即时通讯（微信/QQ等）→知识获取（作业帮/猿辅导等）→社交媒体（微博/小红书等）→短视频平台（抖音/快手等）→网络游戏,总是,稍微修饰过的真实自己,总是,一般,不太符合,不太符合,非常符合,完全不符,发现自己非常有素质，跟网上一些离谱发言比起来,0.4,1,0.3,0.5,0.25,0.25,0.0
31,2025/4/23 22:18:02,322秒,手机提交,直接访问,120.32.228.197(福建-厦门),男,16~18,高中阶段,121-240分钟（3-4小时）,短视频平台（抖音/快手等）→即时通讯（微信/QQ等）→社交媒体（微博/小红书等）→知识获取（作业帮/猿辅导等）,很少,只展示某些方面的自己,有时,不太符合,比较符合,不太符合,不太符合,比较符合,(空),0.75,0,0.75,0.25,0.75,0.25,0.75
32,2025/4/24 0:33:14,156秒,微信,,223.104.53.172(福建-泉州),女,19~21,高等教育阶段（大学-博士后）,≥361分钟（6小时以上）,即时通讯（微信/QQ等）→短视频平台（抖音/快手等）→影视娱乐（B站/腾讯视频等）→社交媒体（微博/小红书等）→知识获取（作业帮/猿辅导等）→网络游戏,有时,稍微修饰过的真实自己,经常,一般,一般,比较符合,一般,一般,(空),0.4,1,0.3,0.5,0.5,0.75,0.5
33,2025/4/24 17:50:21,65秒,手机提交,直接访问,223.104.54.158(福建-福州),男,16~18,高中阶段,61-120分钟（1-2小时）,知识获取（作业帮/猿辅导等）→社交媒体（微博/小红书等）→短视频平台（抖音/快手等）→即时通讯（微信/QQ等）,很少,只展示某些方面的自己,经常,一般,一般,不太符合,非常符合,一般,(空),0.75,0,0.75,0.5,0.5,0.25,0.5
34,2025/4/24 18:13:35,39秒,手机提交,直接访问,112.47.208.21(福建-泉州),女,16~18,高中阶段,61-120分钟（1-2小时）,短视频平台（抖音/快手等）→即时通讯（微信/QQ等）→知识获取（作业帮/猿辅导等）→社交媒体（微博/小红书等）→影视娱乐（B站/腾讯视频等）→网络游戏,有时,稍微修饰过的真实自己,经常,一般,比较符合,一般,比较符合,比较符合,(空),0.75,1,0.75,0.5,0.75,0.5,0.75
35,2025/4/24 22:18:51,41秒,微信,,112.47.208.21(福建-泉州),男,16~18,高中阶段,≤60分钟（1小时以内）,即时通讯（微信/QQ等）,从不,完全不同于现实中的我,很少,一般,比较符合,比较符合,一般,比较符合,(空),0.75,0,0.75,0.5,0.75,0.75,0.75
36,2025/4/24 22:25:49,44秒,微信,,183.250.96.145(福建-福州),男,16~18,高中阶段,61-120分钟（1-2小时）,即时通讯（微信/QQ等）,有时,只展示某些方面的自己,经常,比较符合,不太符合,一般,比较符合,不太符合,(空),0.75,0,0.75,0.75,0.25,0.5,0.25
37,2025/4/25 17:05:58,142秒,手机提交,直接访问,27.148.87.12(福建-福州),女,16~18,高中阶段,≤60分钟（1小时以内）,即时通讯（微信/QQ等）→影视娱乐（B站/腾讯视频等）→短视频平台（抖音/快手等）→知识获取（作业帮/猿辅导等）→社交媒体（微博/小红书等）→网络游戏,很少,只展示某些方面的自己,经常,一般,不太符合,一般,一般,完全不符,(空),0.75,1,0.75,0.5,0.25,0.5,0.0
38,2025/4/26 12:47:56,65秒,手机提交,直接访问,117.30.56.19(福建-厦门),男,16~18,高中阶段,≤60分钟（1小时以内）,知识获取（作业帮/猿辅导等）→影视娱乐（B站/腾讯视频等）→短视频平台（抖音/快手等）→即时通讯（微信/QQ等）→社交媒体（微博/小红书等）,很少,稍微修饰过的真实自己,很少,一般,不太符合,一般,比较符合,不太符合,(空),0.75,0,0.75,0.5,0.25,0.5,0.25
39,2025/4/26 13:43:46,109秒,手机提交,直接访问,39.144.251.90(福建-厦门),男,16~18,高中阶段,61-120分钟（1-2小时）,即时通讯（微信/QQ等）→影视娱乐（B站/腾讯视频等）→网络游戏,很少,只展示某些方面的自己,经常,比较符合,一般,不太符合,比较符合,比较符合,(空),0.75,0,0.75,0.75,0.5,0.25,0.75
40,2025/4/28 23:46:20,37秒,微信,,112.47.208.21(福建-泉州),男,16~18,高中阶段,121-240分钟（3-4小时）,网络游戏→即时通讯（微信/QQ等）→短视频平台（抖音/快手等）→知识获取（作业帮/猿辅导等）→影视娱乐（B站/腾讯视频等）→社交媒体（微博/小红书等）,很少,完全不同于现实中的我,经常,一般,不太符合,比较符合,一般,比较符合,(空),0.75,0,0.75,0.5,0.25,0.75,0.75
41,2025/4/28 23:47:18,44秒,手机提交,直接访问,112.47.208.21(福建-泉州),女,16~18,高中阶段,61-120分钟（1-2小时）,知识获取（作业帮/猿辅导等）→网络游戏→短视频平台（抖音/快手等）→即时通讯（微信/QQ等）→社交媒体（微博/小红书等）→影视娱乐（B站/腾讯视频等）,有时,稍微修饰过的真实自己,有时,一般,非常符合,一般,比较符合,一般,(空),0.75,1,0.75,0.5,1.0,0.5,0.5
42,2025/4/28 23:48:17,41秒,手机提交,直接访问,112.47.208.21(福建-泉州),女,16~18,高中阶段,≤60分钟（1小时以内）,即时通讯（微信/QQ等）→社交媒体（微博/小红书等）,有时,只展示某些方面的自己,从不,完全不符,完全不符,一般,完全不符,完全不符,(空),0.75,1,0.75,0.0,0.0,0.5,0.0
43,2025/4/30 5:53:27,28秒,手机提交,直接访问,112.47.208.21(福建-泉州),男,16~18,高中阶段,121-240分钟（3-4小时）,网络游戏→短视频平台（抖音/快手等）→即时通讯（微信/QQ等）→社交媒体（微博/小红书等）→知识获取（作业帮/猿辅导等）→影视娱乐（B站/腾讯视频等）,很少,和现实中的我完全相同,从不,一般,比较符合,不太符合,比较符合,一般,(空),0.75,0,0.75,0.5,0.75,0.25,0.5
44,2025/4/30 5:54:34,23秒,手机提交,直接访问,112.47.208.21(福建-泉州),男,16~18,高中阶段,61-120分钟（1-2小时）,知识获取（作业帮/猿辅导等）→网络游戏→短视频平台（抖音/快手等）→即时通讯（微信/QQ等）→社交媒体（微博/小红书等）→影视娱乐（B站/腾讯视频等）,有时,只展示某些方面的自己,有时,比较符合,非常符合,一般,比较符合,一般,(空),0.75,0,0.75,0.75,1.0,0.5,0.5
45,2025/4/30 5:55:28,28秒,手机提交,直接访问,112.47.208.21(福建-泉州),女,16~18,高中阶段,≤60分钟（1小时以内）,即时通讯（微信/QQ等）→短视频平台（抖音/快手等）→网络游戏→影视娱乐（B站/腾讯视频等）→社交媒体（微博/小红书等）→知识获取（作业帮/猿辅导等）,很少,只展示某些方面的自己,有时,比较符合,一般,比较符合,一般,不太符合,(空),0.75,1,0.75,0.75,0.5,0.75,0.25
46,2025/4/30 5:56:49,31秒,手机提交,直接访问,112.47.208.21(福建-泉州),男,16~18,高中阶段,61-120分钟（1-2小时）,短视频平台（抖音/快手等）→即时通讯（微信/QQ等）→社交媒体（微博/小红书等）→网络游戏→影视娱乐（B站/腾讯视频等）→知识获取（作业帮/猿辅导等）,经常,稍微修饰过的真实自己,经常,一般,一般,不太符合,比较符合,比较符合,(空),0.75,0,0.75,0.5,0.5,0.25,0.75
47,2025/4/30 5:57:38,23秒,手机提交,直接访问,112.47.208.21(福建-泉州),女,16~18,高中阶段,61-120分钟（1-2小时）,短视频平台（抖音/快手等）→即时通讯（微信/QQ等）→社交媒体（微博/小红书等）→影视娱乐（B站/腾讯视频等）→网络游戏→知识获取（作业帮/猿辅导等）,有时,完全不同于现实中的我,经常,一般,不太符合,不太符合,比较符合,一般,(空),0.75,1,0.75,0.5,0.25,0.25,0.5
48,2025/4/30 5:58:20,36秒,手机提交,直接访问,112.47.208.21(福建-泉州),女,16~18,高中阶段,61-120分钟（1-2小时）,短视频平台（抖音/快手等）→社交媒体（微博/小红书等）→影视娱乐（B站/腾讯视频等）→知识获取（作业帮/猿辅导等）→即时通讯（微信/QQ等）→网络游戏,有时,只展示某些方面的自己,经常,一般,不太符合,比较符合,不太符合,一般,(空),0.75,1,0.75,0.5,0.25,0.75,0.5
49,2025/4/30 5:58:57,28秒,手机提交,直接访问,112.47.208.21(福建-泉州),男,16~18,高中阶段,61-120分钟（1-2小时）,短视频平台（抖音/快手等）→社交媒体（微博/小红书等）→即时通讯（微信/QQ等）→网络游戏→知识获取（作业帮/猿辅导等）→影视娱乐（B站/腾讯视频等）,很少,完全不同于现实中的我,很少,一般,不太符合,比较符合,一般,一般,(空),0.75,0,0.75,0.5,0.25,0.75,0.5
50,2025/4/30 6:00:02,41秒,手机提交,直接访问,112.47.208.21(福建-泉州),女,16~18,高中阶段,≤60分钟（1小时以内）,社交媒体（微博/小红书等）→短视频平台（抖音/快手等）→即时通讯（微信/QQ等）→影视娱乐（B站/腾讯视频等）→知识获取（作业帮/猿辅导等）→网络游戏,从不,不同平台会用不同形象,从不,不太符合,不太符合,一般,不太符合,一般,(空),0.75,1,0.75,0.25,0.25,0.5,0.5
51,2025/4/30 6:01:00,44秒,手机提交,直接访问,112.47.208.21(福建-泉州),男,16~18,高中阶段,121-240分钟（3-4小时）,网络游戏→影视娱乐（B站/腾讯视频等）→短视频平台（抖音/快手等）→即时通讯（微信/QQ等）→社交媒体（微博/小红书等）→知识获取（作业帮/猿辅导等）,从不,只展示某些方面的自己,经常,非常符合,一般,一般,非常符合,非常符合,(空),0.75,0,0.75,1.0,0.5,0.5,1.0
52,2025/4/30 6:02:04,54秒,手机提交,直接访问,112.47.208.21(福建-泉州),男,16~18,高中阶段,61-120分钟（1-2小时）,知识获取（作业帮/猿辅导等）→网络游戏→短视频平台（抖音/快手等）→影视娱乐（B站/腾讯视频等）→社交媒体（微博/小红书等）→即时通讯（微信/QQ等）,从不,完全不同于现实中的我,从不,非常符合,非常符合,完全不符,不太符合,非常符合,(空),0.75,0,0.75,1.0,1.0,0.0,1.0
53,2025/4/30 6:02:45,36秒,手机提交,直接访问,112.47.208.21(福建-泉州),女,16~18,高中阶段,121-240分钟（3-4小时）,短视频平台（抖音/快手等）→社交媒体（微博/小红书等）→即时通讯（微信/QQ等）→影视娱乐（B站/腾讯视频等）,总是,和现实中的我完全相同,总是,非常符合,比较符合,比较符合,非常符合,一般,(空),0.75,1,0.75,1.0,0.75,0.75,0.5
54,2025/4/30 6:04:11,26秒,手机提交,直接访问,112.47.208.21(福建-泉州),女,16~18,高中阶段,61-120分钟（1-2小时）,短视频平台（抖音/快手等）→社交媒体（微博/小红书等）→影视娱乐（B站/腾讯视频等）→网络游戏→知识获取（作业帮/猿辅导等）→即时通讯（微信/QQ等）,很少,完全不同于现实中的我,经常,非常符合,一般,一般,一般,不太符合,(空),0.75,1,0.75,1.0,0.5,0.5,0.25
55,2025/4/30 6:04:42,26秒,手机提交,直接访问,112.47.208.21(福建-泉州),女,16~18,高中阶段,61-120分钟（1-2小时）,社交媒体（微博/小红书等）→短视频平台（抖音/快手等）→即时通讯（微信/QQ等）,有时,只展示某些方面的自己,经常,一般,比较符合,非常符合,非常符合,一般,(空),0.75,1,0.75,0.5,0.75,1.0,0.5
56,2025/4/30 6:05:20,33秒,手机提交,直接访问,112.47.208.21(福建-泉州),女,16~18,高中阶段,61-120分钟（1-2小时）,社交媒体（微博/小红书等）→即时通讯（微信/QQ等）→短视频平台（抖音/快手等）→影视娱乐（B站/腾讯视频等）,经常,完全不同于现实中的我,很少,非常符合,一般,比较符合,一般,不太符合,(空),0.75,1,0.75,1.0,0.5,0.75,0.25
57,2025/4/30 6:05:56,29秒,手机提交,直接访问,112.47.208.21(福建-泉州),女,16~18,高中阶段,121-240分钟（3-4小时）,社交媒体（微博/小红书等）→影视娱乐（B站/腾讯视频等）→短视频平台（抖音/快手等）→即时通讯（微信/QQ等）,很少,稍微修饰过的真实自己,总是,一般,一般,完全不符,非常符合,一般,(空),0.75,1,0.75,0.5,0.5,0.0,0.5
58,2025/4/30 6:06:35,33秒,手机提交,直接访问,112.47.208.21(福建-泉州),男,16~18,高中阶段,61-120分钟（1-2小时）,短视频平台（抖音/快手等）→网络游戏→影视娱乐（B站/腾讯视频等）→即时通讯（微信/QQ等）→社交媒体（微博/小红书等）→知识获取（作业帮/猿辅导等）,很少,只展示某些方面的自己,很少,不太符合,非常符合,不太符合,非常符合,一般,(空),0.75,0,0.75,0.25,1.0,0.25,0.5
59,2025/4/30 6:07:21,38秒,手机提交,直接访问,112.47.208.21(福建-泉州),女,16~18,高中阶段,61-120分钟（1-2小时）,知识获取（作业帮/猿辅导等）→影视娱乐（B站/腾讯视频等）→即时通讯（微信/QQ等）,从不,只展示某些方面的自己,总是,非常符合,完全不符,完全不符,比较符合,一般,(空),0.75,1,0.75,1.0,0.0,0.0,0.5
60,2025/4/30 6:07:59,32秒,手机提交,直接访问,112.47.208.21(福建-泉州),男,16~18,高中阶段,61-120分钟（1-2小时）,社交媒体（微博/小红书等）→影视娱乐（B站/腾讯视频等）→网络游戏→即时通讯（微信/QQ等）→短视频平台（抖音/快手等）→知识获取（作业帮/猿辅导等）,经常,稍微修饰过的真实自己,经常,比较符合,非常符合,比较符合,比较符合,一般,(空),0.75,0,0.75,0.75,1.0,0.75,0.5
61,2025/4/30 6:08:39,34秒,手机提交,直接访问,112.47.208.21(福建-泉州),女,16~18,高中阶段,≤60分钟（1小时以内）,即时通讯（微信/QQ等）→社交媒体（微博/小红书等）,从不,只展示某些方面的自己,从不,完全不符,完全不符,比较符合,完全不符,非常符合,(空),0.75,1,0.75,0.0,0.0,0.75,1.0
62,2025/4/30 6:09:19,28秒,手机提交,直接访问,112.47.208.21(福建-泉州),女,16~18,高中阶段,61-120分钟（1-2小时）,短视频平台（抖音/快手等）→社交媒体（微博/小红书等）→即时通讯（微信/QQ等）,从不,只展示某些方面的自己,有时,非常符合,不太符合,比较符合,非常符合,不太符合,(空),0.75,1,0.75,1.0,0.25,0.75,0.25
63,2025/4/30 6:09:56,30秒,手机提交,直接访问,112.47.208.21(福建-泉州),男,16~18,高中阶段,≤60分钟（1小时以内）,即时通讯（微信/QQ等）→知识获取（作业帮/猿辅导等）,从不,不同平台会用不同形象,从不,一般,不太符合,完全不符,完全不符,完全不符,(空),0.75,0,0.75,0.5,0.25,0.0,0.0
64,2025/5/1 17:46:10,75秒,手机提交,直接访问,122.90.28.83(福建-福州),女,16~18,高中阶段,≥361分钟（6小时以上）,即时通讯（微信/QQ等）→知识获取（作业帮/猿辅导等）→影视娱乐（B站/腾讯视频等）→社交媒体（微博/小红书等）→短视频平台（抖音/快手等）→网络游戏,从不,完全不同于现实中的我,很少,不太符合,一般,非常符合,不太符合,比较符合,结交优秀的朋友,0.75,1,0.75,0.25,0.5,1.0,0.75
65,2025/5/1 19:26:55,21秒,微信,,27.148.39.93(福建-福州),男,19~21,高等教育阶段（大学-博士后）,241-360分钟（4-6小时）,短视频平台（抖音/快手等）→即时通讯（微信/QQ等）→社交媒体（微博/小红书等）→网络游戏,经常,稍微修饰过的真实自己,经常,比较符合,比较符合,比较符合,比较符合,比较符合,(空),0.4,0,0.3,0.75,0.75,0.75,0.75
66,2025/5/4 3:48:03,24秒,微信,,183.250.96.126(福建-福州),男,16~18,高中阶段,121-240分钟（3-4小时）,网络游戏→短视频平台（抖音/快手等）→社交媒体（微博/小红书等）→影视娱乐（B站/腾讯视频等）→即时通讯（微信/QQ等）→知识获取（作业帮/猿辅导等）,有时,只展示某些方面的自己,总是,一般,比较符合,一般,非常符合,比较符合,(空),0.75,0,0.75,0.5,0.75,0.5,0.75
67,2025/5/4 3:48:33,24秒,微信,,183.250.96.126(福建-福州),女,16~18,高中阶段,61-120分钟（1-2小时）,社交媒体（微博/小红书等）→网络游戏→即时通讯（微信/QQ等）→短视频平台（抖音/快手等）→知识获取（作业帮/猿辅导等）→影视娱乐（B站/腾讯视频等）,有时,不同平台会用不同形象,总是,一般,比较符合,一般,比较符合,一般,(空),0.75,1,0.75,0.5,0.75,0.5,0.5
68,2025/5/4 3:49:04,27秒,微信,,183.250.96.126(福建-福州),女,16~18,高中阶段,121-240分钟（3-4小时）,影视娱乐（B站/腾讯视频等）→即时通讯（微信/QQ等）→短视频平台（抖音/快手等）→社交媒体（微博/小红书等）→网络游戏→知识获取（作业帮/猿辅导等）,从不,完全不同于现实中的我,很少,不太符合,一般,比较符合,比较符合,一般,(空),0.75,1,0.75,0.25,0.5,0.75,0.5
69,2025/5/4 3:49:37,29秒,微信,,183.250.96.126(福建-福州),男,16~18,高中阶段,61-120分钟（1-2小时）,即时通讯（微信/QQ等）→影视娱乐（B站/腾讯视频等）,有时,不同平台会用不同形象,总是,完全不符,比较符合,一般,非常符合,一般,(空),0.75,0,0.75,0.0,0.75,0.5,0.5
70,2025/5/4 3:50:15,32秒,微信,,183.250.96.126(福建-福州),男,16~18,高中阶段,121-240分钟（3-4小时）,短视频平台（抖音/快手等）→影视娱乐（B站/腾讯视频等）→即时通讯（微信/QQ等）,经常,只展示某些方面的自己,经常,比较符合,不太符合,比较符合,一般,非常符合,(空),0.75,0,0.75,0.75,0.25,0.75,1.0
71,2025/5/4 3:50:52,33秒,微信,,183.250.96.126(福建-福州),女,16~18,高中阶段,≤60分钟（1小时以内）,即时通讯（微信/QQ等）,很少,完全不同于现实中的我,从不,完全不符,完全不符,不太符合,不太符合,一般,(空),0.75,1,0.75,0.0,0.0,0.25,0.5
72,2025/5/4 3:51:28,31秒,微信,,183.250.96.126(福建-福州),女,16~18,高中阶段,61-120分钟（1-2小时）,知识获取（作业帮/猿辅导等）→网络游戏→即时通讯（微信/QQ等）→短视频平台（抖音/快手等）→影视娱乐（B站/腾讯视频等）→社交媒体（微博/小红书等）,很少,完全不同于现实中的我,经常,比较符合,一般,一般,完全不符,一般,(空),0.75,1,0.75,0.75,0.5,0.5,0.5
73,2025/5/4 15:46:16,157秒,微信,,183.250.96.126(福建-福州),男,16~18,高中阶段,61-120分钟（1-2小时）,影视娱乐（B站/腾讯视频等）→短视频平台（抖音/快手等）→社交媒体（微博/小红书等）→即时通讯（微信/QQ等）,从不,稍微修饰过的真实自己,很少,一般,非常符合,一般,完全不符,比较符合,(空),0.75,0,0.75,0.5,1.0,0.5,0.75
74,2025/5/4 15:47:18,56秒,微信,,183.250.96.126(福建-福州),男,16~18,高中阶段,121-240分钟（3-4小时）,网络游戏→即时通讯（微信/QQ等）,从不,只展示某些方面的自己,经常,非常符合,一般,完全不符,非常符合,比较符合,(空),0.75,0,0.75,1.0,0.5,0.0,0.75
75,2025/5/4 15:49:32,128秒,微信,,183.250.96.126(福建-福州),女,16~18,高中阶段,121-240分钟（3-4小时）,影视娱乐（B站/腾讯视频等）→短视频平台（抖音/快手等）→社交媒体（微博/小红书等）,总是,只展示某些方面的自己,有时,一般,比较符合,不太符合,比较符合,比较符合,(空),0.75,1,0.75,0.5,0.75,0.25,0.75
76,2025/5/5 1:36:06,17秒,手机提交,直接访问,27.149.127.47(福建-福州),女,16~18,高等教育阶段（大学-博士后）,≥361分钟（6小时以上）,即时通讯（微信/QQ等）→短视频平台（抖音/快手等）→社交媒体（微博/小红书等）,很少,只展示某些方面的自己,有时,比较符合,比较符合,比较符合,比较符合,比较符合,(空),0.75,1,0.3,0.75,0.75,0.75,0.75
77,2025/5/5 1:36:34,14秒,手机提交,直接访问,27.149.127.47(福建-福州),女,16~18,高等教育阶段（大学-博士后）,241-360分钟（4-6小时）,知识获取（作业帮/猿辅导等）→短视频平台（抖音/快手等）→影视娱乐（B站/腾讯视频等）,很少,只展示某些方面的自己,经常,非常符合,非常符合,非常符合,非常符合,非常符合,(空),0.75,1,0.3,1.0,1.0,1.0,1.0
78,2025/5/5 1:37:00,16秒,手机提交,直接访问,27.149.127.47(福建-福州),男,16~18,高等教育阶段（大学-博士后）,121-240分钟（3-4小时）,即时通讯（微信/QQ等）→短视频平台（抖音/快手等）→社交媒体（微博/小红书等）→影视娱乐（B站/腾讯视频等）,从不,稍微修饰过的真实自己,有时,比较符合,比较符合,比较符合,比较符合,比较符合,(空),0.75,0,0.3,0.75,0.75,0.75,0.75
79,2025/5/6 5:55:48,27秒,微信,,112.47.208.21(福建-泉州),男,16~18,高中阶段,121-240分钟（3-4小时）,网络游戏→短视频平台（抖音/快手等）→即时通讯（微信/QQ等）,有时,稍微修饰过的真实自己,很少,非常符合,一般,不太符合,非常符合,不太符合,(空),0.75,0,0.75,1.0,0.5,0.25,0.25
80,2025/5/6 5:56:31,38秒,微信,,112.47.208.21(福建-泉州),女,16~18,高中阶段,≤60分钟（1小时以内）,社交媒体（微博/小红书等）→即时通讯（微信/QQ等）,有时,和现实中的我完全相同,很少,不太符合,非常符合,比较符合,不太符合,非常符合,(空),0.75,1,0.75,0.25,1.0,0.75,1.0
81,2025/5/6 5:57:26,51秒,微信,,112.47.208.21(福建-泉州),男,16~18,高中阶段,121-240分钟（3-4小时）,短视频平台（抖音/快手等）→社交媒体（微博/小红书等）→知识获取（作业帮/猿辅导等）→影视娱乐（B站/腾讯视频等）,经常,稍微修饰过的真实自己,很少,非常符合,不太符合,比较符合,一般,一般,(空),0.75,0,0.75,1.0,0.25,0.75,0.5
82,2025/5/6 5:58:10,40秒,微信,,112.47.208.21(福建-泉州),男,16~18,高中阶段,241-360分钟（4-6小时）,短视频平台（抖音/快手等）→即时通讯（微信/QQ等）,从不,和现实中的我完全相同,总是,一般,一般,非常符合,非常符合,非常符合,(空),0.75,0,0.75,0.5,0.5,1.0,1.0
83,2025/5/6 5:59:02,46秒,微信,,112.47.208.21(福建-泉州),女,16~18,高中阶段,61-120分钟（1-2小时）,即时通讯（微信/QQ等）→短视频平台（抖音/快手等）→网络游戏,经常,完全不同于现实中的我,很少,一般,比较符合,一般,比较符合,一般,(空),0.75,1,0.75,0.5,0.75,0.5,0.5
84,2025/5/6 5:59:30,23秒,微信,,112.47.208.21(福建-泉州),女,16~18,高中阶段,61-120分钟（1-2小时）,即时通讯（微信/QQ等）→社交媒体（微博/小红书等）→短视频平台（抖音/快手等）→网络游戏,很少,只展示某些方面的自己,经常,一般,非常符合,一般,比较符合,一般,(空),0.75,1,0.75,0.5,1.0,0.5,0.5
85,2025/5/6 6:00:21,46秒,微信,,112.47.208.21(福建-泉州),女,16~18,高中阶段,121-240分钟（3-4小时）,社交媒体（微博/小红书等）→短视频平台（抖音/快手等）→即时通讯（微信/QQ等）→网络游戏,很少,不同平台会用不同形象,经常,一般,不太符合,比较符合,一般,一般,(空),0.75,1,0.75,0.5,0.25,0.75,0.5
86,2025/5/6 6:01:26,60秒,微信,,112.47.208.21(福建-泉州),女,16~18,高中阶段,61-120分钟（1-2小时）,短视频平台（抖音/快手等）→社交媒体（微博/小红书等）→即时通讯（微信/QQ等）,经常,只展示某些方面的自己,有时,比较符合,不太符合,比较符合,比较符合,一般,(空),0.75,1,0.75,0.75,0.25,0.75,0.5
87,2025/5/6 6:02:41,70秒,微信,,112.47.208.21(福建-泉州),男,16~18,高中阶段,61-120分钟（1-2小时）,网络游戏→短视频平台（抖音/快手等）,很少,稍微修饰过的真实自己,经常,比较符合,一般,比较符合,一般,一般,(空),0.75,0,0.75,0.75,0.5,0.75,0.5
88,2025/5/6 6:03:25,39秒,微信,,112.47.208.21(福建-泉州),女,16~18,高中阶段,61-120分钟（1-2小时）,短视频平台（抖音/快手等）→即时通讯（微信/QQ等）→社交媒体（微博/小红书等）,很少,稍微修饰过的真实自己,很少,一般,不太符合,比较符合,不太符合,一般,(空),0.75,1,0.75,0.5,0.25,0.75,0.5
89,2025/5/6 6:05:38,127秒,微信,,112.47.208.21(福建-泉州),男,16~18,高中阶段,61-120分钟（1-2小时）,网络游戏→即时通讯（微信/QQ等）→短视频平台（抖音/快手等）→社交媒体（微博/小红书等）,经常,稍微修饰过的真实自己,经常,一般,比较符合,不太符合,比较符合,一般,(空),0.75,0,0.75,0.5,0.75,0.25,0.5
90,2025/5/6 6:06:57,61秒,手机提交,直接访问,112.47.208.21(福建-泉州),男,16~18,高中阶段,61-120分钟（1-2小时）,即时通讯（微信/QQ等）→短视频平台（抖音/快手等）→社交媒体（微博/小红书等）→网络游戏,很少,完全不同于现实中的我,很少,一般,一般,比较符合,一般,比较符合,(空),0.75,0,0.75,0.5,0.5,0.75,0.75
91,2025/5/6 6:07:55,48秒,手机提交,直接访问,112.47.208.21(福建-泉州),女,16~18,高中阶段,121-240分钟（3-4小时）,即时通讯（微信/QQ等）→短视频平台（抖音/快手等）→社交媒体（微博/小红书等）,经常,稍微修饰过的真实自己,有时,一般,比较符合,一般,一般,一般,(空),0.75,1,0.75,0.5,0.75,0.5,0.5
92,2025/5/6 6:08:29,25秒,手机提交,直接访问,112.47.208.21(福建-泉州),女,16~18,高中阶段,≤60分钟（1小时以内）,即时通讯（微信/QQ等）→知识获取（作业帮/猿辅导等）,从不,完全不同于现实中的我,从不,不太符合,不太符合,不太符合,不太符合,不太符合,(空),0.75,1,0.75,0.25,0.25,0.25,0.25
93,2025/5/6 6:09:02,28秒,手机提交,直接访问,112.47.208.21(福建-泉州),男,16~18,高中阶段,≤60分钟（1小时以内）,即时通讯（微信/QQ等）→短视频平台（抖音/快手等）,很少,完全不同于现实中的我,很少,一般,不太符合,一般,不太符合,一般,(空),0.75,0,0.75,0.5,0.25,0.5,0.5
94,2025/5/6 6:09:26,18秒,手机提交,直接访问,112.47.208.21(福建-泉州),女,16~18,高中阶段,61-120分钟（1-2小时）,即时通讯（微信/QQ等）→网络游戏→短视频平台（抖音/快手等）,很少,稍微修饰过的真实自己,有时,一般,比较符合,不太符合,一般,比较符合,(空),0.75,1,0.75,0.5,0.75,0.25,0.75
95,2025/5/6 6:11:18,24秒,手机提交,直接访问,112.47.208.21(福建-泉州),女,16~18,高中阶段,61-120分钟（1-2小时）,短视频平台（抖音/快手等）→网络游戏→即时通讯（微信/QQ等）→社交媒体（微博/小红书等）,很少,稍微修饰过的真实自己,很少,比较符合,一般,比较符合,不太符合,比较符合,(空),0.75,1,0.75,0.75,0.5,0.75,0.75
96,2025/5/6 6:11:46,21秒,手机提交,直接访问,112.47.208.21(福建-泉州),男,16~18,高中阶段,61-120分钟（1-2小时）,即时通讯（微信/QQ等）→网络游戏→短视频平台（抖音/快手等）→社交媒体（微博/小红书等）,很少,稍微修饰过的真实自己,有时,比较符合,不太符合,比较符合,不太符合,一般,(空),0.75,0,0.75,0.75,0.25,0.75,0.5
97,2025/5/6 6:12:21,30秒,手机提交,直接访问,112.47.208.21(福建-泉州),女,16~18,高中阶段,121-240分钟（3-4小时）,短视频平台（抖音/快手等）→社交媒体（微博/小红书等）→即时通讯（微信/QQ等）,总是,只展示某些方面的自己,很少,非常符合,一般,一般,非常符合,一般,(空),0.75,1,0.75,1.0,0.5,0.5,0.5
98,2025/5/6 6:12:52,25秒,手机提交,直接访问,112.47.208.21(福建-泉州),女,16~18,高中阶段,61-120分钟（1-2小时）,即时通讯（微信/QQ等）→社交媒体（微博/小红书等）→短视频平台（抖音/快手等）,从不,只展示某些方面的自己,经常,一般,非常符合,一般,不太符合,非常符合,(空),0.75,1,0.75,0.5,1.0,0.5,1.0
99,2025/5/6 8:00:35,23秒,微信,,183.251.20.13(福建-厦门),女,16~18,高中阶段,61-120分钟（1-2小时）,即时通讯（微信/QQ等）→短视频平台（抖音/快手等）,总是,和现实中的我完全相同,总是,非常符合,非常符合,非常符合,非常符合,非常符合,无,0.75,1,0.75,1.0,1.0,1.0,1.0
100,2025/5/6 11:17:21,56秒,微信,,223.104.54.181(福建-福州),男,16~18,高中阶段,≥361分钟（6小时以上）,短视频平台（抖音/快手等）→即时通讯（微信/QQ等）→网络游戏→影视娱乐（B站/腾讯视频等）→社交媒体（微博/小红书等）→知识获取（作业帮/猿辅导等）,有时,只展示某些方面的自己,有时,一般,一般,一般,一般,一般,(空),0.75,0,0.75,0.5,0.5,0.5,0.5
101,2025/5/6 11:37:36,79秒,微信,,220.249.183.157(福建-福州),女,16~18,高中阶段,61-120分钟（1-2小时）,即时通讯（微信/QQ等）→短视频平台（抖音/快手等）→社交媒体（微博/小红书等）→知识获取（作业帮/猿辅导等）→影视娱乐（B站/腾讯视频等）,有时,稍微修饰过的真实自己,经常,比较符合,不太符合,比较符合,不太符合,不太符合,(空),0.75,1,0.75,0.75,0.25,0.75,0.25
102,2025/5/6 11:42:23,59秒,微信,,223.104.54.11(福建-福州),男,16~18,高中阶段,≥361分钟（6小时以上）,短视频平台（抖音/快手等）→社交媒体（微博/小红书等）→即时通讯（微信/QQ等）→网络游戏→影视娱乐（B站/腾讯视频等）→知识获取（作业帮/猿辅导等）,经常,和现实中的我完全相同,有时,一般,一般,一般,一般,一般,(空),0.75,0,0.75,0.5,0.5,0.5,0.5
103,2025/5/6 11:46:22,23秒,微信,,223.160.221.123(福建-福州),女,16~18,高等教育阶段（大学-博士后）,241-360分钟（4-6小时）,短视频平台（抖音/快手等）,很少,完全不同于现实中的我,很少,不太符合,不太符合,一般,一般,不太符合,你猜,0.75,1,0.3,0.25,0.25,0.5,0.25
104,2025/5/6 11:48:41,70秒,微信,,117.61.114.161(广东-东莞),女,16~18,高中阶段,241-360分钟（4-6小时）,即时通讯（微信/QQ等）→短视频平台（抖音/快手等）,很少,完全不同于现实中的我,总是,比较符合,完全不符,完全不符,一般,完全不符,(空),0.75,1,0.75,0.75,0.0,0.0,0.0
105,2025/5/6 12:06:07,64秒,微信,,223.160.222.156(福建-福州),女,16~18,高中阶段,≤60分钟（1小时以内）,即时通讯（微信/QQ等）,从不,和现实中的我完全相同,很少,完全不符,完全不符,完全不符,完全不符,完全不符,(空),0.75,1,0.75,0.0,0.0,0.0,0.0
106,2025/5/6 12:10:27,35秒,微信,,39.144.251.77(福建-厦门),女,16~18,高中阶段,121-240分钟（3-4小时）,即时通讯（微信/QQ等）→网络游戏→社交媒体（微博/小红书等）→短视频平台（抖音/快手等）→影视娱乐（B站/腾讯视频等）→知识获取（作业帮/猿辅导等）,有时,只展示某些方面的自己,总是,一般,一般,一般,一般,一般,(空),0.75,1,0.75,0.5,0.5,0.5,0.5
107,2025/5/6 12:16:56,104秒,微信,,39.144.252.235(福建-泉州),女,16~18,高中阶段,241-360分钟（4-6小时）,即时通讯（微信/QQ等）→短视频平台（抖音/快手等）→社交媒体（微博/小红书等）,很少,稍微修饰过的真实自己,总是,一般,一般,一般,一般,一般,卖东西,0.75,1,0.75,0.5,0.5,0.5,0.5
108,2025/5/6 12:31:19,99秒,微信,,220.249.172.27(福建-福州),女,16~18,高中阶段,61-120分钟（1-2小时）,短视频平台（抖音/快手等）→即时通讯（微信/QQ等）→社交媒体（微博/小红书等）→网络游戏→知识获取（作业帮/猿辅导等）→影视娱乐（B站/腾讯视频等）,有时,稍微修饰过的真实自己,经常,比较符合,一般,一般,比较符合,一般,无,0.75,1,0.75,0.75,0.5,0.5,0.5
109,2025/5/9 7:41:14,36秒,微信,,39.144.252.79(福建-泉州),男,19~21,高等教育阶段（大学-博士后）,121-240分钟（3-4小时）,即时通讯（微信/QQ等）→短视频平台（抖音/快手等）→影视娱乐（B站/腾讯视频等）,有时,稍微修饰过的真实自己,经常,比较符合,一般,比较符合,非常符合,一般,(空),0.4,0,0.3,0.75,0.5,0.75,0.5
110,2025/5/9 7:41:49,30秒,微信,,39.144.252.79(福建-泉州),女,19~21,高等教育阶段（大学-博士后）,121-240分钟（3-4小时）,短视频平台（抖音/快手等）→即时通讯（微信/QQ等）→社交媒体（微博/小红书等）,很少,完全不同于现实中的我,很少,不太符合,比较符合,非常符合,一般,比较符合,(空),0.4,1,0.3,0.25,0.75,1.0,0.75
111,2025/5/9 7:42:21,27秒,微信,,39.144.252.79(福建-泉州),男,19~21,高等教育阶段（大学-博士后）,121-240分钟（3-4小时）,网络游戏→短视频平台（抖音/快手等）→即时通讯（微信/QQ等）,从不,不同平台会用不同形象,很少,不太符合,非常符合,一般,比较符合,一般,(空),0.4,0,0.3,0.25,1.0,0.5,0.5
112,2025/5/9 16:58:13,66秒,微信,,112.47.208.120(福建-泉州),女,16~18,高中阶段,≤60分钟（1小时以内）,即时通讯（微信/QQ等）→社交媒体（微博/小红书等）,从不,稍微修饰过的真实自己,有时,一般,非常符合,一般,不太符合,一般,(空),0.75,1,0.75,0.5,1.0,0.5,0.5
113,2025/5/10 0:04:03,19秒,微信,,27.148.29.33(福建-福州),男,19~21,高等教育阶段（大学-博士后）,241-360分钟（4-6小时）,短视频平台（抖音/快手等）→社交媒体（微博/小红书等）→知识获取（作业帮/猿辅导等）,有时,完全不同于现实中的我,经常,非常符合,非常符合,非常符合,非常符合,非常符合,(空),0.4,0,0.3,1.0,1.0,1.0,1.0
114,2025/5/10 0:04:46,21秒,微信,,27.148.29.33(福建-福州),女,19~21,高等教育阶段（大学-博士后）,121-240分钟（3-4小时）,即时通讯（微信/QQ等）→短视频平台（抖音/快手等）→社交媒体（微博/小红书等）→知识获取（作业帮/猿辅导等）,有时,完全不同于现实中的我,经常,比较符合,比较符合,比较符合,比较符合,比较符合,(空),0.4,1,0.3,0.75,0.75,0.75,0.75
115,2025/5/10 0:05:06,16秒,微信,,27.148.29.33(福建-福州),女,19~21,高等教育阶段（大学-博士后）,61-120分钟（1-2小时）,短视频平台（抖音/快手等）→即时通讯（微信/QQ等）→网络游戏,很少,只展示某些方面的自己,有时,非常符合,非常符合,非常符合,非常符合,非常符合,(空),0.4,1,0.3,1.0,1.0,1.0,1.0
116,2025/5/10 0:05:26,15秒,微信,,27.148.29.33(福建-福州),男,19~21,高等教育阶段（大学-博士后）,≥361分钟（6小时以上）,即时通讯（微信/QQ等）→社交媒体（微博/小红书等）→知识获取（作业帮/猿辅导等）,很少,完全不同于现实中的我,经常,非常符合,非常符合,非常符合,非常符合,非常符合,(空),0.4,0,0.3,1.0,1.0,1.0,1.0
117,2025/5/10 0:05:43,13秒,微信,,27.148.29.33(福建-福州),女,19~21,高等教育阶段（大学-博士后）,241-360分钟（4-6小时）,即时通讯（微信/QQ等）→知识获取（作业帮/猿辅导等）,很少,完全不同于现实中的我,经常,非常符合,非常符合,非常符合,非常符合,非常符合,(空),0.4,1,0.3,1.0,1.0,1.0,1.0
118,2025/5/12 3:39:22,31秒,微信,,112.47.208.120(福建-泉州),男,22岁及以上,高等教育阶段（大学-博士后）,121-240分钟（3-4小时）,即时通讯（微信/QQ等）,有时,只展示某些方面的自己,有时,一般,一般,一般,一般,一般,无,0.2,0,0.3,0.5,0.5,0.5,0.5
119,2025/5/12 3:41:22,21秒,微信,,112.47.208.120(福建-泉州),男,19~21,高等教育阶段（大学-博士后）,121-240分钟（3-4小时）,即时通讯（微信/QQ等）→社交媒体（微博/小红书等）→网络游戏,从不,稍微修饰过的真实自己,经常,不太符合,非常符合,不太符合,一般,一般,(空),0.4,0,0.3,0.25,1.0,0.25,0.5
120,2025/5/12 3:41:47,21秒,微信,,112.47.208.120(福建-泉州),女,16~18,高中阶段,61-120分钟（1-2小时）,短视频平台（抖音/快手等）→社交媒体（微博/小红书等）→即时通讯（微信/QQ等）,很少,完全不同于现实中的我,经常,不太符合,非常符合,一般,非常符合,一般,(空),0.75,1,0.75,0.25,1.0,0.5,0.5
121,2025/5/12 3:42:19,27秒,微信,,112.47.208.120(福建-泉州),女,16~18,高中阶段,≤60分钟（1小时以内）,即时通讯（微信/QQ等）→短视频平台（抖音/快手等）,从不,不同平台会用不同形象,从不,一般,一般,不太符合,不太符合,一般,(空),0.75,1,0.75,0.5,0.5,0.25,0.5
122,2025/5/12 3:42:47,23秒,微信,,112.47.208.120(福建-泉州),女,19~21,高等教育阶段（大学-博士后）,121-240分钟（3-4小时）,短视频平台（抖音/快手等）→即时通讯（微信/QQ等）→社交媒体（微博/小红书等）,有时,稍微修饰过的真实自己,经常,一般,非常符合,一般,一般,一般,(空),0.4,1,0.3,0.5,1.0,0.5,0.5
123,2025/5/12 3:43:10,19秒,微信,,112.47.208.120(福建-泉州),男,19~21,高等教育阶段（大学-博士后）,121-240分钟（3-4小时）,网络游戏→短视频平台（抖音/快手等）→即时通讯（微信/QQ等）,很少,只展示某些方面的自己,经常,一般,比较符合,一般,比较符合,一般,(空),0.4,0,0.3,0.5,0.75,0.5,0.5
124,2025/5/12 3:43:33,19秒,微信,,112.47.208.120(福建-泉州),女,16~18,高中阶段,61-120分钟（1-2小时）,短视频平台（抖音/快手等）→社交媒体（微博/小红书等）→网络游戏→即时通讯（微信/QQ等）,很少,稍微修饰过的真实自己,很少,一般,非常符合,一般,比较符合,一般,(空),0.75,1,0.75,0.5,1.0,0.5,0.5
125,2025/5/12 3:43:59,23秒,微信,,112.47.208.120(福建-泉州),男,16~18,高等教育阶段（大学-博士后）,≤60分钟（1小时以内）,即时通讯（微信/QQ等）→网络游戏,很少,稍微修饰过的真实自己,经常,一般,比较符合,不太符合,比较符合,一般,(空),0.75,0,0.3,0.5,0.75,0.25,0.5
126,2025/5/12 3:44:42,40秒,微信,,112.47.208.120(福建-泉州),女,19~21,高等教育阶段（大学-博士后）,121-240分钟（3-4小时）,社交媒体（微博/小红书等）→影视娱乐（B站/腾讯视频等）→即时通讯（微信/QQ等）,从不,不同平台会用不同形象,有时,比较符合,不太符合,比较符合,一般,一般,(空),0.4,1,0.3,0.75,0.25,0.75,0.5
127,2025/5/12 3:45:09,23秒,微信,,112.47.208.120(福建-泉州),女,16~18,高中阶段,61-120分钟（1-2小时）,即时通讯（微信/QQ等）→社交媒体（微博/小红书等）→短视频平台（抖音/快手等）,从不,稍微修饰过的真实自己,很少,不太符合,非常符合,一般,比较符合,一般,(空),0.75,1,0.75,0.25,1.0,0.5,0.5
128,2025/5/12 3:45:35,22秒,微信,,112.47.208.120(福建-泉州),男,19~21,高等教育阶段（大学-博士后）,121-240分钟（3-4小时）,网络游戏→影视娱乐（B站/腾讯视频等）→即时通讯（微信/QQ等）→短视频平台（抖音/快手等）,很少,稍微修饰过的真实自己,经常,非常符合,不太符合,一般,比较符合,一般,(空),0.4,0,0.3,1.0,0.25,0.5,0.5
129,2025/5/12 3:46:08,29秒,微信,,112.47.208.120(福建-泉州),女,19~21,高等教育阶段（大学-博士后）,121-240分钟（3-4小时）,短视频平台（抖音/快手等）→社交媒体（微博/小红书等）→即时通讯（微信/QQ等）→影视娱乐（B站/腾讯视频等）,经常,只展示某些方面的自己,经常,不太符合,非常符合,一般,比较符合,不太符合,(空),0.4,1,0.3,0.25,1.0,0.5,0.25
130,2025/5/12 3:46:33,20秒,微信,,112.47.208.120(福建-泉州),男,16~18,高中阶段,61-120分钟（1-2小时）,即时通讯（微信/QQ等）→知识获取（作业帮/猿辅导等）→短视频平台（抖音/快手等）→网络游戏,很少,只展示某些方面的自己,经常,比较符合,不太符合,比较符合,一般,一般,(空),0.75,0,0.75,0.75,0.25,0.75,0.5
131,2025/5/12 3:47:07,29秒,微信,,112.47.208.120(福建-泉州),男,19~21,高等教育阶段（大学-博士后）,61-120分钟（1-2小时）,即时通讯（微信/QQ等）→短视频平台（抖音/快手等）,从不,不同平台会用不同形象,有时,不太符合,比较符合,一般,一般,不太符合,(空),0.4,0,0.3,0.25,0.75,0.5,0.25
132,2025/5/12 3:47:32,22秒,微信,,112.47.208.120(福建-泉州),男,16~18,高中阶段,61-120分钟（1-2小时）,即时通讯（微信/QQ等）→社交媒体（微博/小红书等）→短视频平台（抖音/快手等）→网络游戏,很少,只展示某些方面的自己,经常,一般,比较符合,一般,不太符合,一般,(空),0.75,0,0.75,0.5,0.75,0.5,0.5
133,2025/5/12 3:48:05,29秒,微信,,112.47.208.120(福建-泉州),男,16~18,高中阶段,61-120分钟（1-2小时）,即时通讯（微信/QQ等）→社交媒体（微博/小红书等）→网络游戏,很少,稍微修饰过的真实自己,很少,不太符合,比较符合,一般,一般,一般,(空),0.75,0,0.75,0.25,0.75,0.5,0.5
134,2025/5/12 3:48:28,19秒,微信,,112.47.208.120(福建-泉州),男,16~18,高中阶段,61-120分钟（1-2小时）,短视频平台（抖音/快手等）→网络游戏→即时通讯（微信/QQ等）→社交媒体（微博/小红书等）,很少,稍微修饰过的真实自己,经常,不太符合,比较符合,不太符合,比较符合,一般,(空),0.75,0,0.75,0.25,0.75,0.25,0.5
135,2025/5/12 3:49:22,49秒,微信,,112.47.208.120(福建-泉州),女,19~21,高中阶段,61-120分钟（1-2小时）,即时通讯（微信/QQ等）→社交媒体（微博/小红书等）→短视频平台（抖音/快手等）→网络游戏,很少,只展示某些方面的自己,经常,一般,比较符合,一般,比较符合,一般,(空),0.4,1,0.75,0.5,0.75,0.5,0.5
136,2025/5/12 3:49:58,31秒,微信,,112.47.208.120(福建-泉州),男,19~21,高等教育阶段（大学-博士后）,121-240分钟（3-4小时）,短视频平台（抖音/快手等）→社交媒体（微博/小红书等）→网络游戏→即时通讯（微信/QQ等）→影视娱乐（B站/腾讯视频等）,经常,稍微修饰过的真实自己,经常,不太符合,比较符合,不太符合,一般,一般,(空),0.4,0,0.3,0.25,0.75,0.25,0.5
137,2025/5/12 3:50:27,25秒,微信,,112.47.208.120(福建-泉州),男,16~18,高中阶段,≤60分钟（1小时以内）,即时通讯（微信/QQ等）→网络游戏→短视频平台（抖音/快手等）,很少,稍微修饰过的真实自己,很少,不太符合,比较符合,一般,比较符合,一般,(空),0.75,0,0.75,0.25,0.75,0.5,0.5
138,2025/5/12 3:51:14,42秒,微信,,112.47.208.120(福建-泉州),女,16~18,高中阶段,61-120分钟（1-2小时）,即时通讯（微信/QQ等）→社交媒体（微博/小红书等）→短视频平台（抖音/快手等）→网络游戏,从不,稍微修饰过的真实自己,有时,不太符合,非常符合,比较符合,一般,一般,(空),0.75,1,0.75,0.25,1.0,0.75,0.5
139,2025/5/12 3:51:40,23秒,微信,,112.47.208.120(福建-泉州),女,19~21,高等教育阶段（大学-博士后）,121-240分钟（3-4小时）,社交媒体（微博/小红书等）→知识获取（作业帮/猿辅导等）→短视频平台（抖音/快手等）→即时通讯（微信/QQ等）,很少,稍微修饰过的真实自己,很少,比较符合,不太符合,比较符合,一般,一般,(空),0.4,1,0.3,0.75,0.25,0.75,0.5
140,2025/5/12 3:52:03,19秒,微信,,112.47.208.120(福建-泉州),男,19~21,高等教育阶段（大学-博士后）,121-240分钟（3-4小时）,网络游戏→社交媒体（微博/小红书等）→短视频平台（抖音/快手等）→即时通讯（微信/QQ等）,很少,稍微修饰过的真实自己,经常,一般,非常符合,一般,一般,一般,(空),0.4,0,0.3,0.5,1.0,0.5,0.5
141,2025/5/12 3:52:29,23秒,微信,,112.47.208.120(福建-泉州),男,16~18,高中阶段,121-240分钟（3-4小时）,短视频平台（抖音/快手等）→即时通讯（微信/QQ等）→网络游戏→社交媒体（微博/小红书等）,经常,稍微修饰过的真实自己,经常,非常符合,一般,一般,不太符合,一般,(空),0.75,0,0.75,1.0,0.5,0.5,0.5
142,2025/5/12 3:52:57,24秒,微信,,112.47.208.120(福建-泉州),女,19~21,高等教育阶段（大学-博士后）,121-240分钟（3-4小时）,即时通讯（微信/QQ等）→社交媒体（微博/小红书等）→网络游戏→短视频平台（抖音/快手等）,很少,不同平台会用不同形象,有时,非常符合,一般,比较符合,一般,一般,(空),0.4,1,0.3,1.0,0.5,0.75,0.5
143,2025/5/12 3:53:25,23秒,微信,,112.47.208.120(福建-泉州),女,16~18,高中阶段,61-120分钟（1-2小时）,短视频平台（抖音/快手等）→社交媒体（微博/小红书等）→即时通讯（微信/QQ等）,很少,稍微修饰过的真实自己,很少,比较符合,不太符合,一般,比较符合,一般,(空),0.75,1,0.75,0.75,0.25,0.5,0.5
144,2025/5/12 3:53:49,19秒,微信,,112.47.208.120(福建-泉州),男,19~21,高等教育阶段（大学-博士后）,61-120分钟（1-2小时）,即时通讯（微信/QQ等）→网络游戏→短视频平台（抖音/快手等）→社交媒体（微博/小红书等）,有时,稍微修饰过的真实自己,从不,不太符合,比较符合,不太符合,一般,一般,(空),0.4,0,0.3,0.25,0.75,0.25,0.5
145,2025/5/12 3:54:25,32秒,微信,,112.47.208.120(福建-泉州),男,16~18,高中阶段,61-120分钟（1-2小时）,短视频平台（抖音/快手等）→社交媒体（微博/小红书等）→即时通讯（微信/QQ等）→网络游戏,从不,和现实中的我完全相同,很少,非常符合,一般,一般,不太符合,一般,(空),0.75,0,0.75,1.0,0.5,0.5,0.5
146,2025/5/12 3:54:46,17秒,微信,,112.47.208.120(福建-泉州),女,16~18,高中阶段,61-120分钟（1-2小时）,短视频平台（抖音/快手等）→即时通讯（微信/QQ等）→社交媒体（微博/小红书等）,很少,不同平台会用不同形象,从不,非常符合,不太符合,一般,比较符合,一般,(空),0.75,1,0.75,1.0,0.25,0.5,0.5
147,2025/5/12 3:55:08,18秒,微信,,112.47.208.120(福建-泉州),男,16~18,高中阶段,121-240分钟（3-4小时）,网络游戏→短视频平台（抖音/快手等）→社交媒体（微博/小红书等）→即时通讯（微信/QQ等）,很少,完全不同于现实中的我,经常,比较符合,不太符合,一般,比较符合,一般,(空),0.75,0,0.75,0.75,0.25,0.5,0.5
148,2025/5/12 3:55:35,24秒,微信,,112.47.208.120(福建-泉州),女,19~21,高等教育阶段（大学-博士后）,121-240分钟（3-4小时）,短视频平台（抖音/快手等）→网络游戏→即时通讯（微信/QQ等）→社交媒体（微博/小红书等）,有时,只展示某些方面的自己,有时,比较符合,不太符合,一般,一般,比较符合,(空),0.4,1,0.3,0.75,0.25,0.5,0.75
149,2025/5/12 3:56:05,26秒,微信,,112.47.208.120(福建-泉州),男,19~21,高等教育阶段（大学-博士后）,241-360分钟（4-6小时）,网络游戏→短视频平台（抖音/快手等）→即时通讯（微信/QQ等）,很少,完全不同于现实中的我,从不,非常符合,不太符合,不太符合,比较符合,一般,(空),0.4,0,0.3,1.0,0.25,0.25,0.5
150,2025/5/12 4:00:40,18秒,微信,,112.47.208.120(福建-泉州),男,16~18,高中阶段,121-240分钟（3-4小时）,网络游戏→短视频平台（抖音/快手等）→即时通讯（微信/QQ等）,经常,稍微修饰过的真实自己,有时,非常符合,不太符合,一般,比较符合,一般,(空),0.75,0,0.75,1.0,0.25,0.5,0.5
151,2025/5/12 4:01:02,17秒,微信,,112.47.208.120(福建-泉州),女,16~18,高中阶段,121-240分钟（3-4小时）,短视频平台（抖音/快手等）→社交媒体（微博/小红书等）→即时通讯（微信/QQ等）→影视娱乐（B站/腾讯视频等）,很少,只展示某些方面的自己,经常,不太符合,比较符合,不太符合,一般,一般,(空),0.75,1,0.75,0.25,0.75,0.25,0.5
152,2025/5/12 4:01:34,29秒,微信,,112.47.208.120(福建-泉州),女,19~21,高等教育阶段（大学-博士后）,121-240分钟（3-4小时）,短视频平台（抖音/快手等）→即时通讯（微信/QQ等）→社交媒体（微博/小红书等）→影视娱乐（B站/腾讯视频等）,很少,完全不同于现实中的我,经常,比较符合,不太符合,比较符合,一般,一般,(空),0.4,1,0.3,0.75,0.25,0.75,0.5
153,2025/5/12 4:02:17,39秒,微信,,112.47.208.120(福建-泉州),女,19~21,高等教育阶段（大学-博士后）,121-240分钟（3-4小时）,影视娱乐（B站/腾讯视频等）→即时通讯（微信/QQ等）→社交媒体（微博/小红书等）,很少,不同平台会用不同形象,从不,非常符合,不太符合,一般,比较符合,一般,(空),0.4,1,0.3,1.0,0.25,0.5,0.5
154,2025/5/12 4:03:19,57秒,微信,,112.47.208.120(福建-泉州),男,16~18,高中阶段,121-240分钟（3-4小时）,网络游戏→短视频平台（抖音/快手等）→即时通讯（微信/QQ等）,总是,只展示某些方面的自己,很少,比较符合,不太符合,一般,比较符合,一般,(空),0.75,0,0.75,0.75,0.25,0.5,0.5
155,2025/5/12 4:03:59,36秒,微信,,112.47.208.120(福建-泉州),女,16~18,高中阶段,61-120分钟（1-2小时）,即时通讯（微信/QQ等）→社交媒体（微博/小红书等）→短视频平台（抖音/快手等）→网络游戏,很少,稍微修饰过的真实自己,经常,不太符合,比较符合,一般,比较符合,一般,(空),0.75,1,0.75,0.25,0.75,0.5,0.5
156,2025/5/12 4:04:24,22秒,微信,,112.47.208.120(福建-泉州),男,19~21,高等教育阶段（大学-博士后）,61-120分钟（1-2小时）,短视频平台（抖音/快手等）→社交媒体（微博/小红书等）→网络游戏→即时通讯（微信/QQ等）,有时,稍微修饰过的真实自己,经常,一般,比较符合,不太符合,一般,比较符合,(空),0.4,0,0.3,0.5,0.75,0.25,0.75
157,2025/5/12 8:55:41,78秒,微信,,223.104.54.196(福建-福州),女,19~21,高等教育阶段（大学-博士后）,241-360分钟（4-6小时）,影视娱乐（B站/腾讯视频等）→社交媒体（微博/小红书等）→即时通讯（微信/QQ等）→知识获取（作业帮/猿辅导等）→短视频平台（抖音/快手等）→网络游戏,有时,稍微修饰过的真实自己,有时,一般,不太符合,不太符合,不太符合,不太符合,(空),0.4,1,0.3,0.5,0.25,0.25,0.25
158,2025/5/12 9:29:21,135秒,微信,,223.104.54.196(福建-福州),男,16~18,高中阶段,121-240分钟（3-4小时）,即时通讯（微信/QQ等）→短视频平台（抖音/快手等）→网络游戏→知识获取（作业帮/猿辅导等）→社交媒体（微博/小红书等）→影视娱乐（B站/腾讯视频等）,有时,稍微修饰过的真实自己,经常,比较符合,不太符合,比较符合,比较符合,比较符合,(空),0.75,0,0.75,0.75,0.25,0.75,0.75
159,2025/5/12 9:30:25,57秒,微信,,223.104.54.196(福建-福州),男,16~18,高中阶段,61-120分钟（1-2小时）,影视娱乐（B站/腾讯视频等）→短视频平台（抖音/快手等）→即时通讯（微信/QQ等）→网络游戏→知识获取（作业帮/猿辅导等）→社交媒体（微博/小红书等）,很少,只展示某些方面的自己,有时,比较符合,不太符合,一般,一般,一般,(空),0.75,0,0.75,0.75,0.25,0.5,0.5
160,2025/5/12 9:31:47,77秒,微信,,223.104.54.196(福建-福州),男,16~18,高中阶段,≥361分钟（6小时以上）,短视频平台（抖音/快手等）→网络游戏→即时通讯（微信/QQ等）→社交媒体（微博/小红书等）→影视娱乐（B站/腾讯视频等）→知识获取（作业帮/猿辅导等）,很少,和现实中的我完全相同,经常,不太符合,一般,比较符合,比较符合,不太符合,(空),0.75,0,0.75,0.25,0.5,0.75,0.25
161,2025/5/12 9:34:20,148秒,微信,,223.104.54.196(福建-福州),男,16~18,高中阶段,241-360分钟（4-6小时）,短视频平台（抖音/快手等）→网络游戏→即时通讯（微信/QQ等）→社交媒体（微博/小红书等）→影视娱乐（B站/腾讯视频等）→知识获取（作业帮/猿辅导等）,有时,稍微修饰过的真实自己,有时,不太符合,比较符合,一般,比较符合,比较符合,(空),0.75,0,0.75,0.25,0.75,0.5,0.75
162,2025/5/12 9:35:20,56秒,微信,,223.104.54.196(福建-福州),男,16~18,高中阶段,121-240分钟（3-4小时）,知识获取（作业帮/猿辅导等）→即时通讯（微信/QQ等）→影视娱乐（B站/腾讯视频等）→短视频平台（抖音/快手等）→社交媒体（微博/小红书等）→网络游戏,有时,只展示某些方面的自己,有时,比较符合,不太符合,比较符合,比较符合,比较符合,(空),0.75,0,0.75,0.75,0.25,0.75,0.75
163,2025/5/12 9:38:07,162秒,微信,,223.104.54.196(福建-福州),女,16~18,高中阶段,121-240分钟（3-4小时）,影视娱乐（B站/腾讯视频等）→知识获取（作业帮/猿辅导等）→即时通讯（微信/QQ等）→短视频平台（抖音/快手等）→社交媒体（微博/小红书等）→网络游戏,有时,稍微修饰过的真实自己,经常,比较符合,不太符合,比较符合,比较符合,不太符合,(空),0.75,1,0.75,0.75,0.25,0.75,0.25
164,2025/5/12 9:39:11,60秒,微信,,223.104.54.196(福建-福州),女,16~18,高中阶段,≥361分钟（6小时以上）,短视频平台（抖音/快手等）→社交媒体（微博/小红书等）→即时通讯（微信/QQ等）→知识获取（作业帮/猿辅导等）→影视娱乐（B站/腾讯视频等）→网络游戏,有时,只展示某些方面的自己,经常,不太符合,比较符合,一般,比较符合,一般,(空),0.75,1,0.75,0.25,0.75,0.5,0.5
165,2025/5/12 9:40:04,48秒,微信,,223.104.54.196(福建-福州),女,16~18,高中阶段,≥361分钟（6小时以上）,社交媒体（微博/小红书等）→短视频平台（抖音/快手等）→即时通讯（微信/QQ等）→知识获取（作业帮/猿辅导等）→影视娱乐（B站/腾讯视频等）→网络游戏,经常,稍微修饰过的真实自己,总是,不太符合,比较符合,比较符合,比较符合,比较符合,(空),0.75,1,0.75,0.25,0.75,0.75,0.75
166,2025/5/12 9:40:49,40秒,微信,,223.104.54.196(福建-福州),女,16~18,高中阶段,241-360分钟（4-6小时）,社交媒体（微博/小红书等）→短视频平台（抖音/快手等）→即时通讯（微信/QQ等）→影视娱乐（B站/腾讯视频等）→知识获取（作业帮/猿辅导等）→网络游戏,有时,稍微修饰过的真实自己,总是,比较符合,不太符合,比较符合,比较符合,比较符合,(空),0.75,1,0.75,0.75,0.25,0.75,0.75
167,2025/5/12 9:42:10,74秒,微信,,223.104.54.196(福建-福州),女,16~18,高中阶段,121-240分钟（3-4小时）,社交媒体（微博/小红书等）→即时通讯（微信/QQ等）→短视频平台（抖音/快手等）→影视娱乐（B站/腾讯视频等）→知识获取（作业帮/猿辅导等）→网络游戏,有时,稍微修饰过的真实自己,经常,比较符合,不太符合,比较符合,比较符合,比较符合,(空),0.75,1,0.75,0.75,0.25,0.75,0.75
168,2025/5/12 9:43:05,51秒,微信,,223.104.54.196(福建-福州),女,16~18,高中阶段,241-360分钟（4-6小时）,影视娱乐（B站/腾讯视频等）→社交媒体（微博/小红书等）→即时通讯（微信/QQ等）→知识获取（作业帮/猿辅导等）→短视频平台（抖音/快手等）→网络游戏,有时,稍微修饰过的真实自己,总是,不太符合,比较符合,不太符合,比较符合,比较符合,(空),0.75,1,0.75,0.25,0.75,0.25,0.75
169,2025/5/12 9:44:10,60秒,微信,,223.104.54.196(福建-福州),女,16~18,高中阶段,241-360分钟（4-6小时）,社交媒体（微博/小红书等）→影视娱乐（B站/腾讯视频等）→即时通讯（微信/QQ等）→短视频平台（抖音/快手等）→知识获取（作业帮/猿辅导等）→网络游戏,有时,稍微修饰过的真实自己,经常,不太符合,比较符合,一般,比较符合,一般,(空),0.75,1,0.75,0.25,0.75,0.5,0.5
170,2025/5/12 9:46:13,118秒,微信,,223.104.54.196(福建-福州),女,16~18,高中阶段,121-240分钟（3-4小时）,影视娱乐（B站/腾讯视频等）→社交媒体（微博/小红书等）→知识获取（作业帮/猿辅导等）→即时通讯（微信/QQ等）→短视频平台（抖音/快手等）→网络游戏,有时,只展示某些方面的自己,有时,比较符合,不太符合,比较符合,一般,一般,(空),0.75,1,0.75,0.75,0.25,0.75,0.5
171,2025/5/12 9:47:04,45秒,微信,,223.104.54.196(福建-福州),女,16~18,高中阶段,241-360分钟（4-6小时）,社交媒体（微博/小红书等）→影视娱乐（B站/腾讯视频等）→即时通讯（微信/QQ等）→短视频平台（抖音/快手等）→网络游戏→知识获取（作业帮/猿辅导等）,经常,和现实中的我完全相同,总是,比较符合,不太符合,比较符合,比较符合,一般,(空),0.75,1,0.75,0.75,0.25,0.75,0.5
172,2025/5/12 9:47:53,45秒,微信,,223.104.54.196(福建-福州),女,16~18,高中阶段,241-360分钟（4-6小时）,即时通讯（微信/QQ等）→短视频平台（抖音/快手等）→社交媒体（微博/小红书等）→网络游戏→影视娱乐（B站/腾讯视频等）→知识获取（作业帮/猿辅导等）,经常,稍微修饰过的真实自己,总是,比较符合,不太符合,比较符合,比较符合,比较符合,(空),0.75,1,0.75,0.75,0.25,0.75,0.75
173,2025/5/12 9:48:59,57秒,微信,,223.104.54.196(福建-福州),女,16~18,高中阶段,241-360分钟（4-6小时）,社交媒体（微博/小红书等）→即时通讯（微信/QQ等）→短视频平台（抖音/快手等）→影视娱乐（B站/腾讯视频等）→知识获取（作业帮/猿辅导等）→网络游戏,有时,不同平台会用不同形象,经常,不太符合,比较符合,比较符合,比较符合,比较符合,(空),0.75,1,0.75,0.25,0.75,0.75,0.75
174,2025/5/12 9:49:50,47秒,微信,,223.104.54.196(福建-福州),男,16~18,高中阶段,61-120分钟（1-2小时）,网络游戏→即时通讯（微信/QQ等）→短视频平台（抖音/快手等）→知识获取（作业帮/猿辅导等）→社交媒体（微博/小红书等）→影视娱乐（B站/腾讯视频等）,很少,只展示某些方面的自己,有时,比较符合,不太符合,一般,一般,不太符合,(空),0.75,0,0.75,0.75,0.25,0.5,0.25
175,2025/5/12 9:52:05,34秒,微信,,223.104.54.196(福建-福州),女,16~18,高中阶段,121-240分钟（3-4小时）,即时通讯（微信/QQ等）→短视频平台（抖音/快手等）→社交媒体（微博/小红书等）→知识获取（作业帮/猿辅导等）→影视娱乐（B站/腾讯视频等）→网络游戏,有时,只展示某些方面的自己,有时,不太符合,比较符合,不太符合,一般,不太符合,(空),0.75,1,0.75,0.25,0.75,0.25,0.25
176,2025/5/12 10:17:30,42秒,微信,,223.104.54.196(福建-福州),男,16~18,高中阶段,121-240分钟（3-4小时）,影视娱乐（B站/腾讯视频等）→知识获取（作业帮/猿辅导等）→即时通讯（微信/QQ等）→社交媒体（微博/小红书等）→短视频平台（抖音/快手等）→网络游戏,有时,稍微修饰过的真实自己,有时,比较符合,不太符合,比较符合,一般,比较符合,(空),0.75,0,0.75,0.75,0.25,0.75,0.75
177,2025/5/12 10:18:03,29秒,微信,,223.104.54.196(福建-福州),男,16~18,高中阶段,241-360分钟（4-6小时）,网络游戏→短视频平台（抖音/快手等）→影视娱乐（B站/腾讯视频等）→即时通讯（微信/QQ等）→社交媒体（微博/小红书等）→知识获取（作业帮/猿辅导等）,有时,不同平台会用不同形象,经常,比较符合,不太符合,比较符合,一般,比较符合,(空),0.75,0,0.75,0.75,0.25,0.75,0.75
178,2025/5/12 10:18:49,32秒,微信,,223.104.54.196(福建-福州),女,16~18,高中阶段,241-360分钟（4-6小时）,影视娱乐（B站/腾讯视频等）→网络游戏→即时通讯（微信/QQ等）→短视频平台（抖音/快手等）→社交媒体（微博/小红书等）→知识获取（作业帮/猿辅导等）,有时,只展示某些方面的自己,经常,比较符合,不太符合,比较符合,一般,比较符合,(空),0.75,1,0.75,0.75,0.25,0.75,0.75
179,2025/5/12 10:19:43,50秒,微信,,223.104.54.196(福建-福州),女,16~18,高中阶段,241-360分钟（4-6小时）,影视娱乐（B站/腾讯视频等）→网络游戏→即时通讯（微信/QQ等）→短视频平台（抖音/快手等）→社交媒体（微博/小红书等）→知识获取（作业帮/猿辅导等）,经常,只展示某些方面的自己,经常,比较符合,不太符合,一般,比较符合,比较符合,(空),0.75,1,0.75,0.75,0.25,0.5,0.75
180,2025/5/12 10:29:48,27秒,微信,,223.104.54.196(福建-福州),女,16~18,高中阶段,121-240分钟（3-4小时）,即时通讯（微信/QQ等）→社交媒体（微博/小红书等）→短视频平台（抖音/快手等）→网络游戏→知识获取（作业帮/猿辅导等）→影视娱乐（B站/腾讯视频等）,有时,只展示某些方面的自己,经常,比较符合,不太符合,比较符合,比较符合,一般,(空),0.75,1,0.75,0.75,0.25,0.75,0.5
181,2025/5/12 11:56:33,56秒,微信,,223.104.54.196(福建-福州),男,16~18,高中阶段,121-240分钟（3-4小时）,网络游戏→短视频平台（抖音/快手等）→即时通讯（微信/QQ等）→影视娱乐（B站/腾讯视频等）→社交媒体（微博/小红书等）→知识获取（作业帮/猿辅导等）,很少,只展示某些方面的自己,有时,比较符合,不太符合,比较符合,一般,一般,(空),0.75,0,0.75,0.75,0.25,0.75,0.5
182,2025/5/12 14:01:45,59秒,微信,,223.104.54.196(福建-福州),男,19~21,高等教育阶段（大学-博士后）,241-360分钟（4-6小时）,影视娱乐（B站/腾讯视频等）→即时通讯（微信/QQ等）→短视频平台（抖音/快手等）→社交媒体（微博/小红书等）→网络游戏→知识获取（作业帮/猿辅导等）,有时,只展示某些方面的自己,有时,比较符合,不太符合,一般,一般,一般,(空),0.4,0,0.3,0.75,0.25,0.5,0.5
183,2025/5/12 14:03:59,35秒,微信,,223.104.54.196(福建-福州),女,19~21,高等教育阶段（大学-博士后）,241-360分钟（4-6小时）,社交媒体（微博/小红书等）→即时通讯（微信/QQ等）→短视频平台（抖音/快手等）→影视娱乐（B站/腾讯视频等）→网络游戏→知识获取（作业帮/猿辅导等）,有时,稍微修饰过的真实自己,经常,比较符合,不太符合,比较符合,一般,比较符合,(空),0.4,1,0.3,0.75,0.25,0.75,0.75
184,2025/5/12 14:52:24,59秒,微信,,223.104.54.196(福建-福州),女,16~18,高中阶段,≥361分钟（6小时以上）,影视娱乐（B站/腾讯视频等）→社交媒体（微博/小红书等）→即时通讯（微信/QQ等）→知识获取（作业帮/猿辅导等）→短视频平台（抖音/快手等）→网络游戏,很少,只展示某些方面的自己,经常,一般,一般,一般,比较符合,一般,(空),0.75,1,0.75,0.5,0.5,0.5,0.5
185,2025/5/12 14:53:29,61秒,微信,,223.104.54.196(福建-福州),女,16~18,高中阶段,241-360分钟（4-6小时）,知识获取（作业帮/猿辅导等）→网络游戏→影视娱乐（B站/腾讯视频等）→社交媒体（微博/小红书等）→即时通讯（微信/QQ等）→短视频平台（抖音/快手等）,很少,只展示某些方面的自己,有时,比较符合,不太符合,一般,一般,一般,(空),0.75,1,0.75,0.75,0.25,0.5,0.5
186,2025/5/12 14:56:17,578秒,微信,,69.176.153.201(国外-美国),男,19~21,高等教育阶段（大学-博士后）,121-240分钟（3-4小时）,影视娱乐（B站/腾讯视频等）→社交媒体（微博/小红书等）→即时通讯（微信/QQ等）→网络游戏,经常,稍微修饰过的真实自己,总是,比较符合,一般,一般,一般,不太符合,就是有些时候在red notes上发表一下自己的看法或者言论你会发现自己和别人的很多不一样看法,0.4,0,0.3,0.75,0.5,0.5,0.25
187,2025/5/12 15:09:55,51秒,微信,,124.64.17.189(北京-北京),女,19~21,高等教育阶段（大学-博士后）,121-240分钟（3-4小时）,即时通讯（微信/QQ等）→社交媒体（微博/小红书等）,经常,稍微修饰过的真实自己,经常,比较符合,一般,比较符合,比较符合,一般,(空),0.4,1,0.3,0.75,0.5,0.75,0.5
188,2025/5/12 16:23:05,67秒,微信,,223.104.54.196(福建-福州),男,16~18,高中阶段,≥361分钟（6小时以上）,短视频平台（抖音/快手等）→即时通讯（微信/QQ等）→网络游戏→知识获取（作业帮/猿辅导等）→社交媒体（微博/小红书等）→影视娱乐（B站/腾讯视频等）,经常,稍微修饰过的真实自己,经常,比较符合,不太符合,比较符合,比较符合,不太符合,(空),0.75,0,0.75,0.75,0.25,0.75,0.25
189,2025/5/12 16:24:41,90秒,微信,,223.104.54.196(福建-福州),女,16~18,高中阶段,121-240分钟（3-4小时）,知识获取（作业帮/猿辅导等）→短视频平台（抖音/快手等）→即时通讯（微信/QQ等）→社交媒体（微博/小红书等）→影视娱乐（B站/腾讯视频等）→网络游戏,很少,完全不同于现实中的我,有时,比较符合,不太符合,一般,一般,一般,(空),0.75,1,0.75,0.75,0.25,0.5,0.5
190,2025/5/12 17:12:29,51秒,微信,,112.49.140.171(福建-福州),女,16~18,高中阶段,241-360分钟（4-6小时）,即时通讯（微信/QQ等）→知识获取（作业帮/猿辅导等）→社交媒体（微博/小红书等）→短视频平台（抖音/快手等）→网络游戏→影视娱乐（B站/腾讯视频等）,很少,和现实中的我完全相同,经常,不太符合,一般,比较符合,比较符合,比较符合,(空),0.75,1,0.75,0.25,0.5,0.75,0.75
191,2025/5/12 19:10:54,51秒,微信,,183.250.96.244(福建-福州),男,16~18,高中阶段,≥361分钟（6小时以上）,网络游戏→短视频平台（抖音/快手等）→即时通讯（微信/QQ等）→知识获取（作业帮/猿辅导等）→社交媒体（微博/小红书等）→影视娱乐（B站/腾讯视频等）,经常,只展示某些方面的自己,经常,不太符合,比较符合,比较符合,比较符合,比较符合,(空),0.75,0,0.75,0.25,0.75,0.75,0.75
192,2025/5/12 19:26:31,151秒,微信,,183.250.96.244(福建-福州),女,16~18,高中阶段,121-240分钟（3-4小时）,知识获取（作业帮/猿辅导等）→即时通讯（微信/QQ等）→短视频平台（抖音/快手等）→社交媒体（微博/小红书等）→网络游戏→影视娱乐（B站/腾讯视频等）,有时,只展示某些方面的自己,有时,一般,不太符合,一般,不太符合,不太符合,(空),0.75,1,0.75,0.5,0.25,0.5,0.25
193,2025/5/12 19:34:18,55秒,微信,,183.250.96.244(福建-福州),女,16~18,高中阶段,121-240分钟（3-4小时）,社交媒体（微博/小红书等）→即时通讯（微信/QQ等）→短视频平台（抖音/快手等）→知识获取（作业帮/猿辅导等）→影视娱乐（B站/腾讯视频等）→网络游戏,有时,只展示某些方面的自己,经常,比较符合,不太符合,比较符合,比较符合,一般,(空),0.75,1,0.75,0.75,0.25,0.75,0.5
194,2025/5/12 19:35:22,57秒,微信,,183.250.96.244(福建-福州),男,16~18,高中阶段,121-240分钟（3-4小时）,知识获取（作业帮/猿辅导等）→短视频平台（抖音/快手等）→即时通讯（微信/QQ等）→网络游戏→社交媒体（微博/小红书等）→影视娱乐（B站/腾讯视频等）,很少,只展示某些方面的自己,有时,比较符合,不太符合,一般,一般,一般,(空),0.75,0,0.75,0.75,0.25,0.5,0.5
195,2025/5/12 22:42:39,36秒,微信,,183.250.96.244(福建-福州),女,16~18,高中阶段,241-360分钟（4-6小时）,社交媒体（微博/小红书等）→即时通讯（微信/QQ等）→短视频平台（抖音/快手等）→影视娱乐（B站/腾讯视频等）→网络游戏→知识获取（作业帮/猿辅导等）,很少,只展示某些方面的自己,经常,比较符合,不太符合,比较符合,一般,一般,(空),0.75,1,0.75,0.75,0.25,0.75,0.5
196,2025/5/12 23:01:03,1099秒,微信,,183.250.96.244(福建-福州),女,16~18,高中阶段,241-360分钟（4-6小时）,社交媒体（微博/小红书等）→即时通讯（微信/QQ等）→知识获取（作业帮/猿辅导等）→短视频平台（抖音/快手等）→影视娱乐（B站/腾讯视频等）→网络游戏,经常,完全不同于现实中的我,经常,比较符合,一般,一般,一般,一般,(空),0.75,1,0.75,0.75,0.5,0.5,0.5
197,2025/5/12 23:03:57,164秒,微信,,183.250.96.244(福建-福州),女,16~18,高中阶段,≥361分钟（6小时以上）,短视频平台（抖音/快手等）→即时通讯（微信/QQ等）→社交媒体（微博/小红书等）→知识获取（作业帮/猿辅导等）→网络游戏→影视娱乐（B站/腾讯视频等）,有时,稍微修饰过的真实自己,经常,一般,不太符合,一般,比较符合,比较符合,(空),0.75,1,0.75,0.5,0.25,0.5,0.75
198,2025/5/12 23:05:01,59秒,微信,,183.250.96.244(福建-福州),男,16~18,高中阶段,≤60分钟（1小时以内）,即时通讯（微信/QQ等）→短视频平台（抖音/快手等）,很少,只展示某些方面的自己,很少,比较符合,不太符合,比较符合,一般,一般,(空),0.75,0,0.75,0.75,0.25,0.75,0.5
199,2025/5/12 23:54:18,39秒,微信,,183.250.96.244(福建-福州),男,16~18,高中阶段,61-120分钟（1-2小时）,知识获取（作业帮/猿辅导等）→即时通讯（微信/QQ等）→短视频平台（抖音/快手等）→社交媒体（微博/小红书等）→网络游戏→影视娱乐（B站/腾讯视频等）,很少,只展示某些方面的自己,很少,比较符合,不太符合,不太符合,不太符合,不太符合,(空),0.75,0,0.75,0.75,0.25,0.25,0.25
200,2025/5/12 23:55:11,49秒,微信,,183.250.96.244(福建-福州),女,16~18,高中阶段,61-120分钟（1-2小时）,短视频平台（抖音/快手等）→社交媒体（微博/小红书等）,很少,稍微修饰过的真实自己,很少,比较符合,不太符合,不太符合,不太符合,不太符合,(空),0.75,1,0.75,0.75,0.25,0.25,0.25
201,2025/5/12 23:56:14,59秒,微信,,183.250.96.244(福建-福州),女,16~18,高中阶段,121-240分钟（3-4小时）,社交媒体（微博/小红书等）→知识获取（作业帮/猿辅导等）→即时通讯（微信/QQ等）→影视娱乐（B站/腾讯视频等）→短视频平台（抖音/快手等）→网络游戏,很少,只展示某些方面的自己,有时,一般,不太符合,比较符合,一般,一般,(空),0.75,1,0.75,0.5,0.25,0.75,0.5
202,2025/5/12 23:57:22,62秒,微信,,183.250.96.244(福建-福州),男,16~18,高中阶段,≥361分钟（6小时以上）,网络游戏→即时通讯（微信/QQ等）→知识获取（作业帮/猿辅导等）→短视频平台（抖音/快手等）→社交媒体（微博/小红书等）→影视娱乐（B站/腾讯视频等）,有时,和现实中的我完全相同,经常,一般,一般,比较符合,一般,一般,(空),0.75,0,0.75,0.5,0.5,0.75,0.5
203,2025/5/12 23:58:48,46秒,微信,,183.250.96.244(福建-福州),女,16~18,高中阶段,≤60分钟（1小时以内）,即时通讯（微信/QQ等）→社交媒体（微博/小红书等）,很少,稍微修饰过的真实自己,很少,比较符合,不太符合,一般,一般,一般,(空),0.75,1,0.75,0.75,0.25,0.5,0.5
204,2025/5/12 23:59:50,55秒,微信,,183.250.96.244(福建-福州),女,16~18,高中阶段,61-120分钟（1-2小时）,知识获取（作业帮/猿辅导等）→即时通讯（微信/QQ等）→短视频平台（抖音/快手等）→社交媒体（微博/小红书等）→影视娱乐（B站/腾讯视频等）→网络游戏,有时,只展示某些方面的自己,有时,一般,不太符合,一般,一般,不太符合,(空),0.75,1,0.75,0.5,0.25,0.5,0.25
205,2025/5/13 0:00:41,48秒,微信,,183.250.96.244(福建-福州),女,16~18,高中阶段,241-360分钟（4-6小时）,影视娱乐（B站/腾讯视频等）→即时通讯（微信/QQ等）→社交媒体（微博/小红书等）→知识获取（作业帮/猿辅导等）→短视频平台（抖音/快手等）→网络游戏,有时,只展示某些方面的自己,经常,一般,一般,比较符合,比较符合,比较符合,(空),0.75,1,0.75,0.5,0.5,0.75,0.75
206,2025/5/13 5:53:20,150秒,微信,,71.230.69.130(国外-美国),男,22岁及以上,已工作,241-360分钟（4-6小时）,短视频平台（抖音/快手等）→影视娱乐（B站/腾讯视频等）→即时通讯（微信/QQ等）,从不,只展示某些方面的自己,总是,比较符合,不太符合,一般,不太符合,完全不符,有些内向的人在网上不一定也内向,0.2,0,0.2,0.75,0.25,0.5,0.0
207,2025/5/13 6:18:04,447秒,微信,,71.230.69.130(国外-美国),女,22岁及以上,已工作,121-240分钟（3-4小时）,知识获取（作业帮/猿辅导等）→即时通讯（微信/QQ等）→影视娱乐（B站/腾讯视频等）,很少,只展示某些方面的自己,经常,比较符合,不太符合,一般,不太符合,不太符合,学习到一些在以往学校没接触过的，但对现在工作非常有帮助的知识,0.2,1,0.2,0.75,0.25,0.5,0.25
208,2025/5/13 7:53:23,105秒,微信,,68.179.137.106(国外-美国),男,19~21,高等教育阶段（大学-博士后）,≥361分钟（6小时以上）,影视娱乐（B站/腾讯视频等）→网络游戏→即时通讯（微信/QQ等）→知识获取（作业帮/猿辅导等）,很少,只展示某些方面的自己,有时,比较符合,一般,一般,比较符合,不太符合,(空),0.4,0,0.3,0.75,0.5,0.5,0.25
209,2025/5/15 14:49:46,218秒,微信,,138.75.196.69(国外-新加坡),男,19~21,高等教育阶段（大学-博士后）,241-360分钟（4-6小时）,影视娱乐（B站/腾讯视频等）→知识获取（作业帮/猿辅导等）→即时通讯（微信/QQ等）→社交媒体（微博/小红书等）→网络游戏,有时,只展示某些方面的自己,经常,比较符合,一般,不太符合,一般,一般,在社交媒体遇到了新的朋友，接触到了新的领域。,0.4,0,0.3,0.75,0.5,0.25,0.5
210,2025/5/15 15:09:06,1582秒,微信,,122.11.214.157(国外-新加坡),男,19~21,高等教育阶段（大学-博士后）,241-360分钟（4-6小时）,即时通讯（微信/QQ等）→影视娱乐（B站/腾讯视频等）→社交媒体（微博/小红书等）,很少,完全不同于现实中的我,经常,一般,完全不符,比较符合,不太符合,不太符合,(空),0.4,0,0.3,0.5,0.0,0.75,0.25
211,2025/5/15 15:39:02,106秒,微信,,183.241.150.6(北京-北京),男,19~21,高等教育阶段（大学-博士后）,121-240分钟（3-4小时）,即时通讯（微信/QQ等）→短视频平台（抖音/快手等）→网络游戏→影视娱乐（B站/腾讯视频等）,很少,只展示某些方面的自己,有时,比较符合,不太符合,一般,一般,一般,张智博不回我抖音私信,0.4,0,0.3,0.75,0.25,0.5,0.5
212,2025/5/15 15:42:51,91秒,微信,,39.144.44.60(上海-上海),男,19~21,高等教育阶段（大学-博士后）,241-360分钟（4-6小时）,即时通讯（微信/QQ等）→短视频平台（抖音/快手等）,很少,和现实中的我完全相同,有时,一般,一般,不太符合,比较符合,比较符合,(空),0.4,0,0.3,0.5,0.5,0.25,0.75
213,2025/5/15 15:46:10,49秒,微信,,221.224.30.189(江苏-苏州),女,19~21,高等教育阶段（大学-博士后）,241-360分钟（4-6小时）,即时通讯（微信/QQ等）→短视频平台（抖音/快手等）→网络游戏,有时,不同平台会用不同形象,经常,非常符合,比较符合,一般,比较符合,不太符合,玩原神玩的,0.4,1,0.3,1.0,0.75,0.5,0.25
214,2025/5/15 15:47:27,111秒,微信,,117.136.51.67(陕西-西安),男,19~21,高等教育阶段（大学-博士后）,241-360分钟（4-6小时）,即时通讯（微信/QQ等）→短视频平台（抖音/快手等）→社交媒体（微博/小红书等）→网络游戏→影视娱乐（B站/腾讯视频等）→知识获取（作业帮/猿辅导等）,有时,稍微修饰过的真实自己,有时,一般,一般,一般,比较符合,比较符合,让自己反省之前的错误习惯,0.4,0,0.3,0.5,0.5,0.5,0.75
215,2025/5/15 17:13:44,58秒,微信,,175.8.208.196(湖南-长沙),女,19~21,高等教育阶段（大学-博士后）,241-360分钟（4-6小时）,即时通讯（微信/QQ等）→社交媒体（微博/小红书等）→影视娱乐（B站/腾讯视频等）→网络游戏→短视频平台（抖音/快手等）,经常,完全不同于现实中的我,经常,比较符合,一般,一般,比较符合,不太符合,(空),0.4,1,0.3,0.75,0.5,0.5,0.25
216,2025/5/15 19:18:50,96秒,微信,,115.60.23.85(河南-郑州),男,22岁及以上,高等教育阶段（大学-博士后）,≥361分钟（6小时以上）,短视频平台（抖音/快手等）→即时通讯（微信/QQ等）,很少,只展示某些方面的自己,经常,一般,比较符合,不太符合,非常符合,不太符合,互骂,0.2,0,0.3,0.5,0.75,0.25,0.25
